Voltage,Current
0,0
9.77E-05,2.65E-11
0.000293066,7.96E-11
0.000683822,1.86E-10
0.001465332,3.98E-10
0.003028353,8.22E-10
0.006154395,1.67E-09
0.012406478,3.37E-09
0.024910645,6.77E-09
0.049918978,1.36E-08
0.099935645,2.74E-08
0.199968978,5.66E-08
0.400035645,1.28E-07
0.800168978,3.94E-07
0.900202311,5.10E-07
1.100268978,8.47E-07
1.500402311,2.32E-06
1.600435645,8.27E-06
1.600435645,0.0002
1.600435645,0.0002
1.600435645,0.0002
1.600435645,0.0002
1.600435645,0.0002
1.600435645,0.0002
1.600435646,0.0002
1.600435646,0.0002
1.600435648,0.0002
1.600435652,0.0002
1.600435659,0.0002
1.600435674,0.0002
1.600435703,0.0002
1.600435762,0.0002
1.600435879,0.0002
1.600436114,0.0002
1.600436583,0.0002
1.600437521,0.0002
1.600439398,0.0002
1.600443151,0.0002
1.600450656,0.0002
1.600465668,0.0002
1.600495692,0.0002
1.600555739,0.0002
1.600675834,0.0002
1.600916024,0.0002
1.601396404,0.0002
1.602357162,0.0002
1.60427868,0.0002
1.608121716,0.0002
1.615807788,0.0002
1.631179931,0.0002
1.661924217,0.0002
1.723412789,0.0002
1.846389933,0.0002
2.092344221,0.0002
2.584252798,0.0002
3,0.0002
2.987495833,0.0002
2.9624875,0.0002
2.912470833,0.0002
2.8124375,0.0002
2.612370833,0.0002
2.2122375,0.0002
1.411970833,0.0002
0.59880191,0.0001996
0.406276311,0.000135425
0.400259886,0.00013342
0.388227036,0.000129409
0.364161336,0.000121387
0.316029936,0.000105343
0.219767136,7.33E-05
0.027241537,9.08E-06
0,0.00E+00
-0.357809662,-7.16E-05
-0.405941062,-8.15E-05
-0.502203861,-0.000101329
-0.694729461,-0.000142022
-1.07978066,-0.000227866
-1.638436401,-3.26E-06
-1.781755745,-4.67E-06
-2.068394433,-9.56E-06
-2.641671809,-4.01E-05
-3,-9.82E-05
-2.996873958,-9.74E-05
-2.990621875,-9.59E-05
-2.978117708,-9.29E-05
-2.953109375,-8.73E-05
-2.903092708,-7.71E-05
-2.803059375,-6.00E-05
-2.602992708,-3.64E-05
-2.202859375,-1.34E-05
-2.102826042,-1.04E-05
-1.902759375,-6.32E-06
-1.502626042,-2.32E-06
-1.297954555,-1.39E-06
-0.888611582,-4.95E-07
-0.442617888,-1.46E-07
0,0.00E+00
0,0.00E+00
0.449369501,1.49E-07
1.264271616,1.28E-06
1.547961542,2.60E-06
2.115341395,1.08E-05
2.22592372,1.42E-05
2.226787645,0.0002
2.226787645,0.0002
2.226787645,0.0002
2.226787645,0.0002
2.226787645,0.0002
2.226787645,0.0002
2.226787646,0.0002
2.226787647,0.0002
2.226787648,0.0002
2.226787652,0.0002
2.226787659,0.0002
2.226787674,0.0002
2.226787703,0.0002
2.226787761,0.0002
2.226787878,0.0002
2.226788111,0.0002
2.226788577,0.0002
2.226789509,0.0002
2.226791374,0.0002
2.226795103,0.0002
2.226802562,0.0002
2.226817479,0.0002
2.226847313,0.0002
2.226906982,0.0002
2.227026319,0.0002
2.227264993,0.0002
2.227742341,0.0002
2.228697038,0.0002
2.230606431,0.0002
2.234425217,0.0002
2.24206279,0.0002
2.257337936,0.0002
2.287888226,0.0002
2.348988808,0.0002
2.471189971,0.0002
2.715592298,0.0002
2.857796149,0.0002
3,0.0002
2.987495833,0.0002
2.9624875,0.0002
2.912470833,0.0002
2.8124375,0.0002
2.612370833,0.0002
2.2122375,0.0002
1.411970833,0.0002
0.59880191,0.0001996
0.397720907,0.000132573
0.396149961,0.00013205
0.393008071,0.000131002
0.386724289,0.000128908
0.374156727,0.000124719
0.349021601,0.00011634
0.29875135,9.96E-05
0.198210848,6.61E-05
0,0.00E+00
-0.002870155,-5.70E-07
-0.405032162,-8.13E-05
-0.606113166,-0.000123113
-1.008275173,-0.000211458
-1.108815675,-0.00023459
-1.309896678,-1.43E-06
-1.33085245,-1.51E-06
-1.372763992,-1.68E-06
-1.456587076,-2.07E-06
-1.624233244,-3.15E-06
-1.959525581,-7.28E-06
-2.047476236,-9.07E-06
-2.223377545,-1.41E-05
-2.575180163,-3.39E-05
-3,-9.82E-05
-2.99921849,-9.80E-05
-2.997655469,-9.76E-05
-2.994529427,-9.68E-05
-2.988277344,-9.53E-05
-2.975773177,-9.24E-05
-2.950764844,-8.68E-05
-2.900748177,-7.66E-05
-2.800714844,-5.97E-05
-2.600648177,-3.62E-05
-2.200514844,-1.33E-05
-2.10048151,-1.04E-05
-1.900414844,-6.28E-06
-1.50028151,-2.31E-06
-1.292001868,-1.37E-06
-0.875442582,-4.78E-07
-0.415018078,-1.34E-07
0,0.00E+00
0,0.00E+00
0.505830931,1.77E-07
1.371784782,1.67E-06
1.632131133,3.21E-06
2.152823836,1.18E-05
2.155885516,0.0002
2.155885516,0.0002
2.155885516,0.0002
2.155885516,0.0002
2.155885516,0.0002
2.155885516,0.0002
2.155885517,0.0002
2.155885519,0.0002
2.155885522,0.0002
2.155885529,0.0002
2.155885542,0.0002
2.155885569,0.0002
2.155885623,0.0002
2.15588573,0.0002
2.155885944,0.0002
2.155886373,0.0002
2.15588723,0.0002
2.155888944,0.0002
2.155892372,0.0002
2.155899228,0.0002
2.155912941,0.0002
2.155940367,0.0002
2.155995218,0.0002
2.15610492,0.0002
2.156324324,0.0002
2.156763132,0.0002
2.157640749,0.0002
2.159395983,0.0002
2.162906451,0.0002
2.169927386,0.0002
2.183969257,0.0002
2.212052998,0.0002
2.26822048,0.0002
2.380555445,0.0002
2.605225375,0.0002
3,0.0002
2.987495833,0.0002
2.9624875,0.0002
2.912470833,0.0002
2.8124375,0.0002
2.612370833,0.0002
2.2122375,0.0002
1.411970833,0.0002
0.59880191,0.0001996
0.395762509,0.00013192
0.394176264,0.000131392
0.391003773,0.000130334
0.384658792,0.000128219
0.371968829,0.000123989
0.346588904,0.000115529
0.295829054,9.86E-05
0.194309353,6.48E-05
0,0.00E+00
-0.008730048,-1.73E-06
-0.414808851,-8.33E-05
-0.617848252,-0.000125599
-1.023927055,-0.000215031
-1.125446756,-0.000238456
-1.328486157,-1.50E-06
-1.405966743,-1.82E-06
-1.560927915,-2.69E-06
-1.870850259,-5.83E-06
-1.972017481,-7.51E-06
-2.174351923,-1.25E-05
-2.579020808,-3.43E-05
-3,-9.82E-05
-2.99921849,-9.80E-05
-2.997655469,-9.76E-05
-2.994529427,-9.68E-05
-2.988277344,-9.53E-05
-2.975773177,-9.24E-05
-2.950764844,-8.68E-05
-2.900748177,-7.66E-05
-2.800714844,-5.97E-05
-2.600648177,-3.62E-05
-2.200514844,-1.33E-05
-2.10048151,-1.04E-05
-1.900414844,-6.28E-06
-1.50028151,-2.31E-06
-1.290292491,-1.36E-06
-0.870314452,-4.72E-07
-0.402968501,-1.29E-07
0,0.00E+00
0,0.00E+00
0.531723402,1.91E-07
1.113976332,8.76E-07
1.342942592,1.56E-06
1.800875111,4.90E-06
1.915358241,6.52E-06
2.144324501,1.16E-05
2.358927755,1.98E-05
2.359757732,0.0002
2.359757732,0.0002
2.359757732,0.0002
2.359757732,0.0002
2.359757732,0.0002
2.359757733,0.0002
2.359757734,0.0002
2.359757736,0.0002
2.359757741,0.0002
2.359757751,0.0002
2.359757771,0.0002
2.35975781,0.0002
2.359757889,0.0002
2.359758046,0.0002
2.35975836,0.0002
2.359758988,0.0002
2.359760245,0.0002
2.359762759,0.0002
2.359767786,0.0002
2.359777841,0.0002
2.359797951,0.0002
2.359838171,0.0002
2.35991861,0.0002
2.360079488,0.0002
2.360401245,0.0002
2.361044758,0.0002
2.362331783,0.0002
2.364905835,0.0002
2.370053939,0.0002
2.380350147,0.0002
2.400942562,0.0002
2.442127393,0.0002
2.524497053,0.0002
2.689236375,0.0002
3,0.0002
2.987495833,0.0002
2.9624875,0.0002
2.912470833,0.0002
2.8124375,0.0002
2.612370833,0.0002
2.2122375,0.0002
1.411970833,0.0002
0.59880191,0.0001996
0.39465311,0.000131551
0.393058198,0.000131019
0.389868373,0.000129956
0.383488723,0.000127829
0.370729423,0.000123576
0.345210823,0.00011507
0.294173623,9.81E-05
0.192099223,6.40E-05
-0.012049578,-2.39E-06
-0.420347178,-8.44E-05
-0.624495978,-0.00012701
-1.032793578,-0.00021706
-1.134867978,-0.000240652
-1.339016778,-0.000289095
-1.422312523,-1.90E-06
-1.440303073,-1.99E-06
-1.476284173,-2.17E-06
-1.548246373,-2.60E-06
-1.692170773,-3.73E-06
-1.980019573,-7.67E-06
-2.555717173,-3.23E-05
-3,-9.82E-05
-2.99921849,-9.80E-05
-2.997655469,-9.76E-05
-2.994529427,-9.68E-05
-2.988277344,-9.53E-05
-2.975773177,-9.24E-05
-2.950764844,-8.68E-05
-2.900748177,-7.66E-05
-2.800714844,-5.97E-05
-2.600648177,-3.62E-05
-2.200514844,-1.33E-05
-2.10048151,-1.04E-05
-1.900414844,-6.28E-06
-1.50028151,-2.31E-06
-1.269069352,-1.29E-06
-0.806645034,-4.01E-07
-0.246807052,-7.13E-08
0,0.00E+00
0.872868914,4.75E-07
1.100526547,8.47E-07
1.555841813,2.65E-06
1.700680544,3.81E-06
1.990358008,7.87E-06
2.217482956,1.39E-05
2.449156017,2.48E-05
2.63714682,3.96E-05
2.637905004,0.0002
2.637905004,0.0002
2.637905004,0.0002
2.637905005,0.0002
2.637905005,0.0002
2.637905006,0.0002
2.637905007,0.0002
2.637905011,0.0002
2.637905017,0.0002
2.63790503,0.0002
2.637905056,0.0002
2.637905108,0.0002
2.637905212,0.0002
2.637905419,0.0002
2.637905834,0.0002
2.637906663,0.0002
2.637908323,0.0002
2.637911641,0.0002
2.637918278,0.0002
2.637931551,0.0002
2.637958099,0.0002
2.638011193,0.0002
2.638117382,0.0002
2.638329761,0.0002
2.638754518,0.0002
2.639604031,0.0002
2.641303058,0.0002
2.644701112,0.0002
2.651497221,0.0002
2.665089437,0.0002
2.69227387,0.0002
2.746642735,0.0002
2.855380467,0.0002
3,0.0002
2.987495833,0.0002
2.9624875,0.0002
2.912470833,0.0002
2.8124375,0.0002
2.612370833,0.0002
2.2122375,0.0002
1.411970833,0.0002
0.59880191,0.0001996
0.381119726,0.00012704
0.374317157,0.000124772
0.360712021,0.000120237
0.333501748,0.000111167
0.279081202,9.30E-05
0.170240109,5.67E-05
-0.047442075,-9.42E-06
-0.482806444,-9.73E-05
-0.700488629,-0.000143255
-1.135852998,-0.000240881
-1.199754564,-0.000255869
-1.327557696,-0.000286332
-1.401976585,-1.81E-06
-1.417941345,-1.88E-06
-1.449870867,-2.04E-06
-1.513729909,-2.39E-06
-1.641447995,-3.29E-06
-1.896884166,-6.23E-06
-2.407756509,-2.23E-05
-3,-9.82E-05
-2.99921849,-9.80E-05
-2.997655469,-9.76E-05
-2.994529427,-9.68E-05
-2.988277344,-9.53E-05
-2.975773177,-9.24E-05
-2.950764844,-8.68E-05
-2.900748177,-7.66E-05
-2.800714844,-5.97E-05
-2.600648177,-3.62E-05
-2.200514844,-1.33E-05
-2.10048151,-1.04E-05
-1.900414844,-6.28E-06
-1.50028151,-2.31E-06
-1.269069352,-1.29E-06
-0.806645034,-4.01E-07
-0.246807052,-7.13E-08
0,0.00E+00
0.872868914,4.75E-07
1.100526547,8.47E-07
1.555841813,2.65E-06
1.700680544,3.81E-06
1.990358008,7.87E-06
2.217871118,1.39E-05
2.449655819,2.48E-05
2.450390601,0.0002
2.450390601,0.0002
2.450390601,0.0002
2.450390601,0.0002
2.450390602,0.0002
2.450390603,0.0002
2.450390605,0.0002
2.450390609,0.0002
2.450390617,0.0002
2.450390633,0.0002
2.450390665,0.0002
2.450390729,0.0002
2.450390857,0.0002
2.450391112,0.0002
2.450391624,0.0002
2.450392647,0.0002
2.450394694,0.0002
2.450398786,0.0002
2.450406972,0.0002
2.450423343,0.0002
2.450456084,0.0002
2.450521568,0.0002
2.450652535,0.0002
2.45091447,0.0002
2.451438339,0.0002
2.452486077,0.0002
2.454581552,0.0002
2.458772504,0.0002
2.467154407,0.0002
2.483918214,0.0002
2.517445826,0.0002
2.584501052,0.0002
2.718611502,0.0002
2.986832404,0.0002
3,0.0002
2.987495833,0.0002
2.974991667,0.0002
2.949983333,0.0002
2.899966667,0.0002
2.799933333,0.0002
2.599866667,0.0002
2.199733333,0.0002
1.399466667,0.0002
0.59880191,0.0001996
0.383803923,0.000127934
0.382124251,0.000127374
0.378764908,0.000126255
0.37204622,0.000124015
0.358608846,0.000119536
0.331734098,0.000110578
0.277984601,9.27E-05
0.170485607,5.68E-05
-0.04451238,-8.84E-06
-0.474508355,-9.56E-05
-0.689506342,-0.000140894
-1.119502317,-0.000237073
-1.188351523,-0.000253183
-1.326049935,-0.000285969
-1.403161736,-1.81E-06
-1.419737028,-1.89E-06
-1.452887611,-2.05E-06
-1.519188778,-2.42E-06
-1.651791111,-3.37E-06
-1.916995777,-6.55E-06
-2.447405109,-2.47E-05
-3,-9.82E-05
-2.99921849,-9.80E-05
-2.997655469,-9.76E-05
-2.994529427,-9.68E-05
-2.988277344,-9.53E-05
-2.975773177,-9.24E-05
-2.950764844,-8.68E-05
-2.900748177,-7.66E-05
-2.800714844,-5.97E-05
-2.600648177,-3.62E-05
-2.200514844,-1.33E-05
-2.10048151,-1.04E-05
-1.900414844,-6.28E-06
-1.50028151,-2.31E-06
-1.269069352,-1.29E-06
-0.806645034,-4.01E-07
-0.246807052,-7.13E-08
0,0.00E+00
0.872868914,4.75E-07
1.100526547,8.47E-07
1.555841813,2.65E-06
1.700680544,3.81E-06
1.990358008,7.87E-06
2.217788928,1.39E-05
2.449531251,2.48E-05
2.450265908,0.0002
2.450265908,0.0002
2.450265908,0.0002
2.450265908,0.0002
2.450265909,0.0002
2.45026591,0.0002
2.450265912,0.0002
2.450265917,0.0002
2.450265927,0.0002
2.450265946,0.0002
2.450265984,0.0002
2.45026606,0.0002
2.450266213,0.0002
2.450266518,0.0002
2.450267128,0.0002
2.450268347,0.0002
2.450270787,0.0002
2.450275666,0.0002
2.450285425,0.0002
2.450304942,0.0002
2.450343976,0.0002
2.450422045,0.0002
2.450578183,0.0002
2.450890458,0.0002
2.451515008,0.0002
2.452764108,0.0002
2.455262308,0.0002
2.460258708,0.0002
2.470251508,0.0002
2.490237108,0.0002
2.530208309,0.0002
2.610150711,0.0002
2.770035514,0.0002
3,0.0002
2.987495833,0.0002
2.9624875,0.0002
2.912470833,0.0002
2.8124375,0.0002
2.612370833,0.0002
2.2122375,0.0002
1.411970833,0.0002
0.59880191,0.0001996
0.381119726,0.00012704
0.374317158,0.000124772
0.360712021,0.000120237
0.333501748,0.000111167
0.279081202,9.30E-05
0.170240109,5.67E-05
-0.047442075,-9.42E-06
-0.482806444,-9.73E-05
-0.700488629,-0.000143255
-1.135852998,-0.000240881
-1.199754564,-0.000255869
-1.327557696,-0.000286332
-1.401976582,-1.81E-06
-1.417941342,-1.88E-06
-1.449870861,-2.04E-06
-1.513729901,-2.39E-06
-1.641447981,-3.29E-06
-1.896884139,-6.23E-06
-2.407756457,-2.23E-05
-3,-9.82E-05
-2.99921849,-9.80E-05
-2.997655469,-9.76E-05
-2.994529427,-9.68E-05
-2.988277344,-9.53E-05
-2.975773177,-9.24E-05
-2.950764844,-8.68E-05
-2.900748177,-7.66E-05
-2.800714844,-5.97E-05
-2.600648177,-3.62E-05
-2.200514844,-1.33E-05
-2.10048151,-1.04E-05
-1.900414844,-6.28E-06
-1.50028151,-2.31E-06
-1.269069352,-1.29E-06
-0.806645034,-4.01E-07
-0.246807052,-7.13E-08
0,0.00E+00
0.872868914,4.75E-07
1.100526547,8.47E-07
1.555841813,2.65E-06
1.700680544,3.81E-06
1.990358008,7.87E-06
2.217693027,1.39E-05
2.449413608,2.48E-05
2.450148166,0.0002
2.450148166,0.0002
2.450148166,0.0002
2.450148166,0.0002
2.450148167,0.0002
2.450148168,0.0002
2.450148171,0.0002
2.450148177,0.0002
2.450148188,0.0002
2.45014821,0.0002
2.450148254,0.0002
2.450148343,0.0002
2.45014852,0.0002
2.450148874,0.0002
2.450149582,0.0002
2.450150998,0.0002
2.450153831,0.0002
2.450159497,0.0002
2.450170829,0.0002
2.450193492,0.0002
2.450238819,0.0002
2.450329473,0.0002
2.450510781,0.0002
2.450873397,0.0002
2.451598628,0.0002
2.45304909,0.0002
2.455950014,0.0002
2.461751863,0.0002
2.47335556,0.0002
2.496562954,0.0002
2.542977743,0.0002
2.635807321,0.0002
2.821466476,0.0002
3,0.0002
2.987495833,0.0002
2.9624875,0.0002
2.912470833,0.0002
2.8124375,0.0002
2.612370833,0.0002
2.2122375,0.0002
1.411970833,0.0002
0.59880191,0.0001996
0.381119726,0.00012704
0.374317158,0.000124772
0.360712021,0.000120237
0.333501748,0.000111167
0.279081202,9.30E-05
0.170240109,5.67E-05
-0.047442075,-9.42E-06
-0.482806444,-9.73E-05
-0.700488629,-0.000143255
-1.135852998,-0.000240881
-1.199754564,-0.000255869
-1.327557696,-0.000286332
-1.401976586,-1.81E-06
-1.417941347,-1.88E-06
-1.449870869,-2.04E-06
-1.513729913,-2.39E-06
-1.641448001,-3.29E-06
-1.896884177,-6.23E-06
-2.407756529,-2.23E-05
-3,-9.82E-05
-2.99921849,-9.80E-05
-2.997655469,-9.76E-05
-2.994529427,-9.68E-05
-2.988277344,-9.53E-05
-2.975773177,-9.24E-05
-2.950764844,-8.68E-05
-2.900748177,-7.66E-05
-2.800714844,-5.97E-05
-2.600648177,-3.62E-05
-2.200514844,-1.33E-05
-2.10048151,-1.04E-05
-1.900414844,-6.28E-06
-1.50028151,-2.31E-06
-1.269069352,-1.29E-06
-0.806645034,-4.01E-07
-0.246807052,-7.13E-08
0,0.00E+00
0.872868914,4.75E-07
1.100526547,8.47E-07
1.555841813,2.65E-06
1.700680544,3.81E-06
1.990358008,7.87E-06
2.217596899,1.39E-05
2.449295717,2.48E-05
2.450030175,0.0002
2.450030175,0.0002
2.450030175,0.0002
2.450030176,0.0002
2.450030176,0.0002
2.450030178,0.0002
2.450030181,0.0002
2.450030187,0.0002
2.4500302,0.0002
2.450030225,0.0002
2.450030276,0.0002
2.450030376,0.0002
2.450030578,0.0002
2.450030981,0.0002
2.450031788,0.0002
2.450033401,0.0002
2.450036627,0.0002
2.45004308,0.0002
2.450055984,0.0002
2.450081794,0.0002
2.450133414,0.0002
2.450236653,0.0002
2.450443131,0.0002
2.450856087,0.0002
2.451681999,0.0002
2.453333823,0.0002
2.456637472,0.0002
2.463244769,0.0002
2.476459363,0.0002
2.502888552,0.0002
2.555746928,0.0002
2.661463682,0.0002
2.87289719,0.0002
3,0.0002
2.987495833,0.0002
2.9624875,0.0002
2.912470833,0.0002
2.8124375,0.0002
2.612370833,0.0002
2.2122375,0.0002
1.411970833,0.0002
0.59880191,0.0001996
0.381119726,0.00012704
0.374317158,0.000124772
0.360712021,0.000120237
0.333501748,0.000111167
0.279081202,9.30E-05
0.170240109,5.67E-05
-0.047442075,-9.42E-06
-0.482806444,-9.73E-05
-0.700488629,-0.000143255
-1.135852998,-0.000240881
-1.199754564,-0.000255869
-1.327557696,-0.000286332
-1.401976581,-1.81E-06
-1.417941341,-1.88E-06
-1.44987086,-2.04E-06
-1.5137299,-2.39E-06
-1.641447978,-3.29E-06
-1.896884135,-6.23E-06
-2.407756448,-2.23E-05
-3,-9.82E-05
-2.99921849,-9.80E-05
-2.997655469,-9.76E-05
-2.994529427,-9.68E-05
-2.988277344,-9.53E-05
-2.975773177,-9.24E-05
-2.950764844,-8.68E-05
-2.900748177,-7.66E-05
-2.800714844,-5.97E-05
-2.600648177,-3.62E-05
-2.200514844,-1.33E-05
-2.10048151,-1.04E-05
-1.900414844,-6.28E-06
-1.50028151,-2.31E-06
-1.269069352,-1.29E-06
-0.806645034,-4.01E-07
-0.246807052,-7.13E-08
0,0.00E+00
0.872868914,4.75E-07
1.100526547,8.47E-07
1.555841813,2.65E-06
1.700680544,3.81E-06
1.990358008,7.87E-06
2.217500522,1.39E-05
2.449177551,2.48E-05
2.449911908,0.0002
2.449911908,0.0002
2.449911908,0.0002
2.449911909,0.0002
2.44991191,0.0002
2.449911911,0.0002
2.449911915,0.0002
2.449911922,0.0002
2.449911936,0.0002
2.449911964,0.0002
2.449912021,0.0002
2.449912134,0.0002
2.44991236,0.0002
2.449912813,0.0002
2.449913717,0.0002
2.449915527,0.0002
2.449919146,0.0002
2.449926384,0.0002
2.44994086,0.0002
2.449969811,0.0002
2.450027715,0.0002
2.450143522,0.0002
2.450375136,0.0002
2.450838365,0.0002
2.451764821,0.0002
2.453617735,0.0002
2.457323562,0.0002
2.464735216,0.0002
2.479558525,0.0002
2.509205142,0.0002
2.568498376,0.0002
2.687084843,0.0002
2.924257778,0.0002
3,0.0002
2.987495833,0.0002
2.9624875,0.0002
2.912470833,0.0002
2.8124375,0.0002
2.612370833,0.0002
2.2122375,0.0002
1.411970833,0.0002
0.59880191,0.0001996
0.381119726,0.00012704
0.374317158,0.000124772
0.360712021,0.000120237
0.333501748,0.000111167
0.279081202,9.30E-05
0.170240109,5.67E-05
-0.047442075,-9.42E-06
-0.482806444,-9.73E-05
-0.700488629,-0.000143255
-1.135852998,-0.000240881
-1.647042142,-3.33E-06
-1.754726539,-4.36E-06
-1.970095333,-7.48E-06
-2.400832922,-2.20E-05
-3,-9.82E-05
-2.996873958,-9.74E-05
-2.990621875,-9.59E-05
-2.978117708,-9.29E-05
-2.953109375,-8.73E-05
-2.903092708,-7.71E-05
-2.803059375,-6.00E-05
-2.602992708,-3.64E-05
-2.202859375,-1.34E-05
-2.102826042,-1.04E-05
-1.902759375,-6.32E-06
-1.502626042,-2.32E-06
-1.272091977,-1.30E-06
-0.811023846,-4.05E-07
-0.254469719,-7.38E-08
0,0.00E+00
0.858638535,4.58E-07
1.10898152,8.65E-07
1.609667489,3.04E-06
1.738943653,4.20E-06
1.997495983,8.01E-06
2.212646255,1.37E-05
2.214014075,0.0002
2.214014075,0.0002
2.214014076,0.0002
2.214014076,0.0002
2.214014077,0.0002
2.214014079,0.0002
2.214014083,0.0002
2.214014091,0.0002
2.214014106,0.0002
2.214014138,0.0002
2.2140142,0.0002
2.214014325,0.0002
2.214014576,0.0002
2.214015076,0.0002
2.214016077,0.0002
2.21401808,0.0002
2.214022085,0.0002
2.214030094,0.0002
2.214046113,0.0002
2.214078152,0.0002
2.214142229,0.0002
2.214270382,0.0002
2.214526689,0.0002
2.215039303,0.0002
2.216064531,0.0002
2.218114987,0.0002
2.222215898,0.0002
2.230417721,0.0002
2.246821368,0.0002
2.279628661,0.0002
2.345243247,0.0002
2.476472418,0.0002
2.738930761,0.0002
3,0.0002
2.987495833,0.0002
2.9624875,0.0002
2.912470833,0.0002
2.8124375,0.0002
2.612370833,0.0002
2.2122375,0.0002
1.411970833,0.0002
0.59880191,0.0001996
0.381119726,0.00012704
0.374317158,0.000124772
0.360712021,0.000120237
0.333501748,0.000111167
0.279081202,9.30E-05
0.170240109,5.67E-05
-0.047442075,-9.42E-06
-0.482806444,-9.73E-05
-0.53722699,-0.000108631
-0.646068083,-0.000131605
-0.863750267,-0.000178945
-1.047849635,-0.000220513
-1.146367816,-0.000243336
-1.343404177,-1.56E-06
-1.400778516,-1.80E-06
-1.515527194,-2.40E-06
-1.745024551,-4.26E-06
-2.204019263,-1.34E-05
-2.303516856,-1.72E-05
-2.50251204,-2.83E-05
-2.75125602,-5.27E-05
-3,-9.82E-05
-2.99921849,-9.80E-05
-2.997655469,-9.76E-05
-2.994529427,-9.68E-05
-2.988277344,-9.53E-05
-2.975773177,-9.24E-05
-2.950764844,-8.68E-05
-2.900748177,-7.66E-05
-2.800714844,-5.97E-05
-2.600648177,-3.62E-05
-2.200514844,-1.33E-05
-2.10048151,-1.04E-05
-1.900414844,-6.28E-06
-1.50028151,-2.31E-06
-1.269069352,-1.29E-06
-0.806645034,-4.01E-07
-0.246807052,-7.13E-08
0,0.00E+00
0.872868914,4.75E-07
1.100526547,8.47E-07
1.555841813,2.65E-06
1.700680544,3.81E-06
1.990358008,7.87E-06
2.217988097,1.39E-05
2.219382202,0.0002
2.219382202,0.0002
2.219382202,0.0002
2.219382203,0.0002
2.219382204,0.0002
2.219382206,0.0002
2.21938221,0.0002
2.219382219,0.0002
2.219382236,0.0002
2.21938227,0.0002
2.219382339,0.0002
2.219382476,0.0002
2.219382751,0.0002
2.219383301,0.0002
2.219384401,0.0002
2.2193866,0.0002
2.219390998,0.0002
2.219399794,0.0002
2.219417386,0.0002
2.219452571,0.0002
2.21952294,0.0002
2.219663679,0.0002
2.219945156,0.0002
2.22050811,0.0002
2.221634019,0.0002
2.223885837,0.0002
2.228389473,0.0002
2.237396745,0.0002
2.255411288,0.0002
2.291440375,0.0002
2.363498549,0.0002
2.507614897,0.0002
2.795847592,0.0002
3,0.0002
2.987495833,0.0002
2.9624875,0.0002
2.912470833,0.0002
2.8124375,0.0002
2.612370833,0.0002
2.2122375,0.0002
1.411970833,0.0002
0.59880191,0.0001996
0.381119726,0.00012704
0.374317158,0.000124772
0.360712021,0.000120237
0.333501748,0.000111167
0.279081202,9.30E-05
0.170240109,5.67E-05
-0.047442075,-9.42E-06
-0.482806444,-9.73E-05
-0.53722699,-0.000108631
-0.646068083,-0.000131605
-0.863750267,-0.000178945
-1.047860809,-0.000220515
-1.416081894,-1.87E-06
-1.547419036,-2.60E-06
-1.81009332,-5.01E-06
-2.335441888,-1.86E-05
-2.418511652,-2.29E-05
-2.58465118,-3.48E-05
-2.79232559,-5.84E-05
-3,-9.82E-05
-2.99921849,-9.80E-05
-2.997655469,-9.76E-05
-2.994529427,-9.68E-05
-2.988277344,-9.53E-05
-2.975773177,-9.24E-05
-2.950764844,-8.68E-05
-2.900748177,-7.66E-05
-2.800714844,-5.97E-05
-2.600648177,-3.62E-05
-2.200514844,-1.33E-05
-2.10048151,-1.04E-05
-1.900414844,-6.28E-06
-1.50028151,-2.31E-06
-1.269069352,-1.29E-06
-0.806645034,-4.01E-07
-0.246807052,-7.13E-08
0,0.00E+00
0.872868914,4.75E-07
1.100526547,8.47E-07
1.555841813,2.65E-06
1.700680544,3.81E-06
1.990358008,7.87E-06
2.218040237,1.39E-05
2.219434313,0.0002
2.219434313,0.0002
2.219434314,0.0002
2.219434314,0.0002
2.219434315,0.0002
2.219434318,0.0002
2.219434322,0.0002
2.219434332,0.0002
2.21943435,0.0002
2.219434388,0.0002
2.219434463,0.0002
2.219434612,0.0002
2.219434912,0.0002
2.219435511,0.0002
2.219436709,0.0002
2.219439104,0.0002
2.219443896,0.0002
2.219453478,0.0002
2.219472644,0.0002
2.219510975,0.0002
2.219587637,0.0002
2.21974096,0.0002
2.220047608,0.0002
2.220660903,0.0002
2.221887493,0.0002
2.224340673,0.0002
2.229247033,0.0002
2.239059753,0.0002
2.258685194,0.0002
2.297936075,0.0002
2.376437837,0.0002
2.533441361,0.0002
2.847448408,0.0002
3,0.0002
2.987495833,0.0002
2.9624875,0.0002
2.912470833,0.0002
2.8124375,0.0002
2.612370833,0.0002
2.2122375,0.0002
1.411970833,0.0002
0.59880191,0.0001996
0.381119726,0.00012704
0.374317158,0.000124772
0.360712021,0.000120237
0.333501748,0.000111167
0.279081202,9.30E-05
0.170240109,5.67E-05
-0.047442075,-9.42E-06
-0.482806444,-9.73E-05
-0.700488629,-0.000143255
-1.135852998,-0.000240881
-1.647065527,-3.33E-06
-1.754756513,-4.36E-06
-1.970138486,-7.48E-06
-2.40090243,-2.20E-05
-3,-9.82E-05
-2.996873958,-9.74E-05
-2.990621875,-9.59E-05
-2.978117708,-9.29E-05
-2.953109375,-8.73E-05
-2.903092708,-7.71E-05
-2.803059375,-6.00E-05
-2.602992708,-3.64E-05
-2.202859375,-1.34E-05
-2.102826042,-1.04E-05
-1.902759375,-6.32E-06
-1.502626042,-2.32E-06
-1.272091977,-1.30E-06
-0.811023846,-4.05E-07
-0.254469719,-7.38E-08
0,0.00E+00
0.858638535,4.58E-07
1.10898152,8.65E-07
1.609667489,3.04E-06
1.738943653,4.20E-06
1.997495983,8.01E-06
2.212587166,1.37E-05
2.437323385,2.40E-05
2.438032814,0.0002
2.438032814,0.0002
2.438032814,0.0002
2.438032815,0.0002
2.438032816,0.0002
2.438032819,0.0002
2.438032824,0.0002
2.438032834,0.0002
2.438032854,0.0002
2.438032895,0.0002
2.438032976,0.0002
2.438033138,0.0002
2.438033462,0.0002
2.438034111,0.0002
2.438035409,0.0002
2.438038005,0.0002
2.438043197,0.0002
2.43805358,0.0002
2.438074346,0.0002
2.438115879,0.0002
2.438198944,0.0002
2.438365075,0.0002
2.438697336,0.0002
2.439361858,0.0002
2.440690903,0.0002
2.443348992,0.0002
2.44866517,0.0002
2.459297527,0.0002
2.480562241,0.0002
2.523091668,0.0002
2.608150523,0.0002
2.778268233,0.0002
3,0.0002
2.987495833,0.0002
2.9624875,0.0002
2.912470833,0.0002
2.8124375,0.0002
2.612370833,0.0002
2.2122375,0.0002
1.411970833,0.0002
0.59880191,0.0001996
0.381119726,0.00012704
0.374317158,0.000124772
0.360712021,0.000120237
0.333501748,0.000111167
0.279081202,9.30E-05
0.170240109,5.67E-05
-0.047442075,-9.42E-06
-0.482806444,-9.73E-05
-0.700488629,-0.000143255
-1.135852998,-0.000240881
-1.199754564,-0.000255869
-1.327557696,-0.000286332
-1.401976603,-1.81E-06
-1.417941369,-1.88E-06
-1.4498709,-2.04E-06
-1.513729962,-2.39E-06
-1.641448086,-3.29E-06
-1.896884335,-6.23E-06
-2.407756832,-2.23E-05
-3,-9.82E-05
-2.99921849,-9.80E-05
-2.997655469,-9.76E-05
-2.994529427,-9.68E-05
-2.988277344,-9.53E-05
-2.975773177,-9.24E-05
-2.950764844,-8.68E-05
-2.900748177,-7.66E-05
-2.800714844,-5.97E-05
-2.600648177,-3.62E-05
-2.200514844,-1.33E-05
-2.10048151,-1.04E-05
-1.900414844,-6.28E-06
-1.50028151,-2.31E-06
-1.269069352,-1.29E-06
-0.806645034,-4.01E-07
-0.246807052,-7.13E-08
0,0.00E+00
0.872868914,4.75E-07
1.100526547,8.47E-07
1.555841813,2.65E-06
1.700680544,3.81E-06
1.990358008,7.87E-06
2.21782207,1.39E-05
2.449571912,2.48E-05
2.450306603,0.0002
2.450306604,0.0002
2.450306604,0.0002
2.450306605,0.0002
2.450306606,0.0002
2.450306609,0.0002
2.450306614,0.0002
2.450306625,0.0002
2.450306647,0.0002
2.45030669,0.0002
2.450306778,0.0002
2.450306952,0.0002
2.450307301,0.0002
2.450307999,0.0002
2.450309396,0.0002
2.450312188,0.0002
2.450317773,0.0002
2.450328943,0.0002
2.450351282,0.0002
2.450395961,0.0002
2.450485319,0.0002
2.450664035,0.0002
2.451021466,0.0002
2.451736329,0.0002
2.453166055,0.0002
2.456025506,0.0002
2.461744409,0.0002
2.473182214,0.0002
2.496057825,0.0002
2.541809046,0.0002
2.633311489,0.0002
2.816316375,0.0002
3,0.0002
2.987495833,0.0002
2.9624875,0.0002
2.912470833,0.0002
2.8124375,0.0002
2.612370833,0.0002
2.2122375,0.0002
1.411970833,0.0002
0.59880191,0.0001996
0.381119726,0.00012704
0.374317158,0.000124772
0.360712021,0.000120237
0.333501748,0.000111167
0.279081202,9.30E-05
0.170240109,5.67E-05
-0.047442075,-9.42E-06
-0.482806444,-9.73E-05
-0.700488629,-0.000143255
-1.135852998,-0.000240881
-1.199754564,-0.000255869
-1.327557696,-0.000286332
-1.401976583,-1.81E-06
-1.417941344,-1.88E-06
-1.449870864,-2.04E-06
-1.513729906,-2.39E-06
-1.641447989,-3.29E-06
-1.896884155,-6.23E-06
-2.407756487,-2.23E-05
-3,-9.82E-05
-2.99921849,-9.80E-05
-2.997655469,-9.76E-05
-2.994529427,-9.68E-05
-2.988277344,-9.53E-05
-2.975773177,-9.24E-05
-2.950764844,-8.68E-05
-2.900748177,-7.66E-05
-2.800714844,-5.97E-05
-2.600648177,-3.62E-05
-2.200514844,-1.33E-05
-2.10048151,-1.04E-05
-1.900414844,-6.28E-06
-1.50028151,-2.31E-06
-1.269069352,-1.29E-06
-0.806645034,-4.01E-07
-0.246807052,-7.13E-08
0,0.00E+00
0.872868914,4.75E-07
1.100526547,8.47E-07
1.555841813,2.65E-06
1.700680544,3.81E-06
1.990358008,7.87E-06
2.217726257,1.39E-05
2.449454368,2.48E-05
2.45018896,0.0002
2.45018896,0.0002
2.450188961,0.0002
2.450188961,0.0002
2.450188963,0.0002
2.450188966,0.0002
2.450188972,0.0002
2.450188983,0.0002
2.450189007,0.0002
2.450189053,0.0002
2.450189147,0.0002
2.450189334,0.0002
2.450189707,0.0002
2.450190455,0.0002
2.450191949,0.0002
2.450194938,0.0002
2.450200916,0.0002
2.450212873,0.0002
2.450236785,0.0002
2.45028461,0.0002
2.450380261,0.0002
2.450571562,0.0002
2.450954163,0.0002
2.451719367,0.0002
2.453249773,0.0002
2.456310587,0.0002
2.462432214,0.0002
2.474675468,0.0002
2.499161975,0.0002
2.548134991,0.0002
2.646081022,0.0002
2.841973084,0.0002
3,0.0002
2.987495833,0.0002
2.9624875,0.0002
2.912470833,0.0002
2.8124375,0.0002
2.612370833,0.0002
2.2122375,0.0002
1.411970833,0.0002
0.59880191,0.0001996
0.381119726,0.00012704
0.374317158,0.000124772
0.360712021,0.000120237
0.333501748,0.000111167
0.279081202,9.30E-05
0.170240109,5.67E-05
-0.047442075,-9.42E-06
-0.482806444,-9.73E-05
-0.700488629,-0.000143255
-1.135852998,-0.000240881
-1.199754564,-0.000255869
-1.327557696,-0.000286332
-1.40197658,-1.81E-06
-1.41794134,-1.88E-06
-1.449870859,-2.04E-06
-1.513729898,-2.39E-06
-1.641447975,-3.29E-06
-1.896884129,-6.23E-06
-2.407756438,-2.23E-05
-3,-9.82E-05
-2.99921849,-9.80E-05
-2.997655469,-9.76E-05
-2.994529427,-9.68E-05
-2.988277344,-9.53E-05
-2.975773177,-9.24E-05
-2.950764844,-8.68E-05
-2.900748177,-7.66E-05
-2.800714844,-5.97E-05
-2.600648177,-3.62E-05
-2.200514844,-1.33E-05
-2.10048151,-1.04E-05
-1.900414844,-6.28E-06
-1.50028151,-2.31E-06
-1.269069352,-1.29E-06
-0.806645034,-4.01E-07
-0.246807052,-7.13E-08
0,0.00E+00
0.872868914,4.75E-07
1.100526547,8.47E-07
1.555841813,2.65E-06
1.700680544,3.81E-06
1.990358008,7.87E-06
2.217630208,1.39E-05
2.449336563,2.48E-05
2.450071055,0.0002
2.450071055,0.0002
2.450071056,0.0002
2.450071057,0.0002
2.450071058,0.0002
2.450071061,0.0002
2.450071067,0.0002
2.45007108,0.0002
2.450071105,0.0002
2.450071155,0.0002
2.450071254,0.0002
2.450071453,0.0002
2.450071851,0.0002
2.450072648,0.0002
2.450074241,0.0002
2.450077426,0.0002
2.450083798,0.0002
2.450096541,0.0002
2.450122026,0.0002
2.450172998,0.0002
2.450274941,0.0002
2.450478827,0.0002
2.450886599,0.0002
2.451702143,0.0002
2.453333231,0.0002
2.456595406,0.0002
2.463119757,0.0002
2.47616846,0.0002
2.502265865,0.0002
2.554460674,0.0002
2.658850293,0.0002
2.867629531,0.0002
3,0.0002
2.987495833,0.0002
2.9624875,0.0002
2.912470833,0.0002
2.8124375,0.0002
2.612370833,0.0002
2.2122375,0.0002
1.411970833,0.0002
0.59880191,0.0001996
0.381119726,0.00012704
0.374317158,0.000124772
0.360712021,0.000120237
0.333501748,0.000111167
0.279081202,9.30E-05
0.170240109,5.67E-05
-0.047442075,-9.42E-06
-0.482806444,-9.73E-05
-0.700488629,-0.000143255
-1.135852998,-0.000240881
-1.199754564,-0.000255869
-1.327557696,-0.000286332
-1.401976581,-1.81E-06
-1.41794134,-1.88E-06
-1.44987086,-2.04E-06
-1.513729898,-2.39E-06
-1.641447975,-3.29E-06
-1.89688413,-6.23E-06
-2.407756439,-2.23E-05
-3,-9.82E-05
-2.99921849,-9.80E-05
-2.997655469,-9.76E-05
-2.994529427,-9.68E-05
-2.988277344,-9.53E-05
-2.975773177,-9.24E-05
-2.950764844,-8.68E-05
-2.900748177,-7.66E-05
-2.800714844,-5.97E-05
-2.600648177,-3.62E-05
-2.200514844,-1.33E-05
-2.10048151,-1.04E-05
-1.900414844,-6.28E-06
-1.50028151,-2.31E-06
-1.269069352,-1.29E-06
-0.806645034,-4.01E-07
-0.246807052,-7.13E-08
0,0.00E+00
0.872868914,4.75E-07
1.100526547,8.47E-07
1.555841813,2.65E-06
1.700680544,3.81E-06
1.990358008,7.87E-06
2.217533907,1.39E-05
2.44921848,2.48E-05
2.449952872,0.0002
2.449952872,0.0002
2.449952873,0.0002
2.449952874,0.0002
2.449952875,0.0002
2.449952879,0.0002
2.449952885,0.0002
2.449952898,0.0002
2.449952925,0.0002
2.449952978,0.0002
2.449953083,0.0002
2.449953295,0.0002
2.449953718,0.0002
2.449954563,0.0002
2.449956254,0.0002
2.449959637,0.0002
2.449966401,0.0002
2.449979931,0.0002
2.45000699,0.0002
2.450061108,0.0002
2.450169343,0.0002
2.450385814,0.0002
2.450818756,0.0002
2.451684641,0.0002
2.45341641,0.0002
2.456879947,0.0002
2.463807023,0.0002
2.477661174,0.0002
2.505369476,0.0002
2.560786079,0.0002
2.671619286,0.0002
2.893285701,0.0002
3,0.0002
2.987495833,0.0002
2.9624875,0.0002
2.912470833,0.0002
2.8124375,0.0002
2.612370833,0.0002
2.2122375,0.0002
1.411970833,0.0002
0.59880191,0.0001996
0.381119726,0.00012704
0.374317158,0.000124772
0.360712021,0.000120237
0.333501748,0.000111167
0.279081202,9.30E-05
0.170240109,5.67E-05
-0.047442075,-9.42E-06
-0.482806444,-9.73E-05
-0.700488629,-0.000143255
-1.135852998,-0.000240881
-1.199751641,-0.000255869
-1.327548927,-1.50E-06
-1.374611645,-1.69E-06
-1.468737082,-2.13E-06
-1.656987956,-3.42E-06
-2.033489705,-8.76E-06
-2.127615142,-1.11E-05
-2.315866016,-1.78E-05
-2.692367764,-4.55E-05
-3,-9.82E-05
-2.99921849,-9.80E-05
-2.997655469,-9.76E-05
-2.994529427,-9.68E-05
-2.988277344,-9.53E-05
-2.975773177,-9.24E-05
-2.950764844,-8.68E-05
-2.900748177,-7.66E-05
-2.800714844,-5.97E-05
-2.600648177,-3.62E-05
-2.200514844,-1.33E-05
-2.10048151,-1.04E-05
-1.900414844,-6.28E-06
-1.50028151,-2.31E-06
-1.269069352,-1.29E-06
-0.806645034,-4.01E-07
-0.246807052,-7.13E-08
0,0.00E+00
0.872868914,4.75E-07
1.100526547,8.47E-07
1.555841813,2.65E-06
1.700680544,3.81E-06
1.990358008,7.87E-06
2.217962587,1.39E-05
2.449862025,2.48E-05
2.450597066,0.0002
2.450597067,0.0002
2.450597067,0.0002
2.450597068,0.0002
2.45059707,0.0002
2.450597073,0.0002
2.45059708,0.0002
2.450597094,0.0002
2.450597122,0.0002
2.450597178,0.0002
2.45059729,0.0002
2.450597514,0.0002
2.450597961,0.0002
2.450598856,0.0002
2.450600645,0.0002
2.450604224,0.0002
2.450611382,0.0002
2.450625698,0.0002
2.45065433,0.0002
2.450711594,0.0002
2.450826122,0.0002
2.451055179,0.0002
2.451513291,0.0002
2.452429516,0.0002
2.454261966,0.0002
2.457926866,0.0002
2.465256666,0.0002
2.479916265,0.0002
2.509235464,0.0002
2.567873861,0.0002
2.685150657,0.0002
2.919704247,0.0002
3,0.0002
2.987495833,0.0002
2.9624875,0.0002
2.912470833,0.0002
2.8124375,0.0002
2.612370833,0.0002
2.2122375,0.0002
1.411970833,0.0002
0.59880191,0.0001996
0.381119726,0.00012704
0.374317158,0.000124772
0.360712021,0.000120237
0.333501748,0.000111167
0.279081202,9.30E-05
0.170240109,5.67E-05
-0.047442075,-9.42E-06
-0.482806444,-9.73E-05
-0.700488629,-0.000143255
-1.135852998,-0.000240881
-1.199754564,-0.000255869
-1.327557696,-0.000286332
-1.401976585,-1.81E-06
-1.417941346,-1.88E-06
-1.449870868,-2.04E-06
-1.513729912,-2.39E-06
-1.641447999,-3.29E-06
-1.896884174,-6.23E-06
-2.407756523,-2.23E-05
-3,-9.82E-05
-2.99921849,-9.80E-05
-2.997655469,-9.76E-05
-2.994529427,-9.68E-05
-2.988277344,-9.53E-05
-2.975773177,-9.24E-05
-2.950764844,-8.68E-05
-2.900748177,-7.66E-05
-2.800714844,-5.97E-05
-2.600648177,-3.62E-05
-2.200514844,-1.33E-05
-2.10048151,-1.04E-05
-1.900414844,-6.28E-06
-1.50028151,-2.31E-06
-1.269069352,-1.29E-06
-0.806645034,-4.01E-07
-0.246807052,-7.13E-08
0,0.00E+00
0.872868914,4.75E-07
1.100526547,8.47E-07
1.555841813,2.65E-06
1.700680544,3.81E-06
1.990358008,7.87E-06
2.217867405,1.39E-05
2.449647467,2.48E-05
2.450382239,0.0002
2.450382239,0.0002
2.450382239,0.0002
2.45038224,0.0002
2.450382242,0.0002
2.450382246,0.0002
2.450382253,0.0002
2.450382268,0.0002
2.450382298,0.0002
2.450382357,0.0002
2.450382475,0.0002
2.450382711,0.0002
2.450383182,0.0002
2.450384126,0.0002
2.450386014,0.0002
2.45038979,0.0002
2.450397341,0.0002
2.450412444,0.0002
2.450442649,0.0002
2.450503059,0.0002
2.45062388,0.0002
2.450865521,0.0002
2.451348804,0.0002
2.45231537,0.0002
2.454248501,0.0002
2.458114763,0.0002
2.465847286,0.0002
2.481312334,0.0002
2.51224243,0.0002
2.574102622,0.0002
2.697823005,0.0002
2.945263772,0.0002
3,0.0002
2.987495833,0.0002
2.9624875,0.0002
2.912470833,0.0002
2.8124375,0.0002
2.612370833,0.0002
2.2122375,0.0002
1.411970833,0.0002
0.59880191,0.0001996
0.381119726,0.00012704
0.374317158,0.000124772
0.360712021,0.000120237
0.333501748,0.000111167
0.279081202,9.30E-05
0.170240109,5.67E-05
-0.047442075,-9.42E-06
-0.482806444,-9.73E-05
-0.700488629,-0.000143255
-1.135852998,-0.000240881
-1.199754564,-0.000255869
-1.327557696,-0.000286332
-1.401976575,-1.81E-06
-1.417941334,-1.88E-06
-1.44987085,-2.04E-06
-1.513729883,-2.39E-06
-1.64144795,-3.29E-06
-1.896884083,-6.23E-06
-2.407756349,-2.23E-05
-3,-9.82E-05
-2.99921849,-9.80E-05
-2.997655469,-9.76E-05
-2.994529427,-9.68E-05
-2.988277344,-9.53E-05
-2.975773177,-9.24E-05
-2.950764844,-8.68E-05
-2.900748177,-7.66E-05
-2.800714844,-5.97E-05
-2.600648177,-3.62E-05
-2.200514844,-1.33E-05
-2.10048151,-1.04E-05
-1.900414844,-6.28E-06
-1.50028151,-2.31E-06
-1.269069352,-1.29E-06
-0.806645034,-4.01E-07
-0.246807052,-7.13E-08
0,0.00E+00
0.872868914,4.75E-07
1.100526547,8.47E-07
1.555841813,2.65E-06
1.700680544,3.81E-06
1.990358008,7.87E-06
2.217771756,1.39E-05
2.449510183,2.48E-05
2.450244822,0.0002
2.450244822,0.0002
2.450244823,0.0002
2.450244823,0.0002
2.450244825,0.0002
2.450244829,0.0002
2.450244837,0.0002
2.450244853,0.0002
2.450244884,0.0002
2.450244946,0.0002
2.45024507,0.0002
2.450245318,0.0002
2.450245815,0.0002
2.450246808,0.0002
2.450248794,0.0002
2.450252766,0.0002
2.450260711,0.0002
2.4502766,0.0002
2.450308378,0.0002
2.450371935,0.0002
2.450499048,0.0002
2.450753275,0.0002
2.451261728,0.0002
2.452278634,0.0002
2.454312446,0.0002
2.45838007,0.0002
2.466515318,0.0002
2.482785814,0.0002
2.515326807,0.0002
2.580408793,0.0002
2.710572764,0.0002
2.970900707,0.0002
3,0.0002
2.987495833,0.0002
2.973628013,0.0002
2.945892374,0.0002
2.890421094,0.0002
2.779478534,0.0002
2.557593416,0.0002
2.113823178,0.0002
1.356312544,0.0002
0.59880191,0.0001996
0.393069792,0.000131023
0.386640663,0.00012888
0.373782406,0.000124594
0.348065891,0.000116022
0.296632861,9.89E-05
0.193766802,6.46E-05
-0.011965317,-2.38E-06
-0.423429554,-8.51E-05
-0.629161673,-0.000128
-1.04062591,-0.000218855
-1.142783095,-0.000242499
-1.285695547,-0.000276284
-1.391640551,-1.76E-06
-1.414696428,-1.86E-06
-1.460808183,-2.09E-06
-1.553031693,-2.64E-06
-1.737478712,-4.18E-06
-2.106372749,-1.05E-05
-2.198596259,-1.32E-05
-2.383043278,-2.10E-05
-2.751937316,-5.28E-05
-3,-9.82E-05
-2.999804622,-9.81E-05
-2.999413867,-9.80E-05
-2.998632357,-9.78E-05
-2.997069336,-9.75E-05
-2.993943294,-9.67E-05
-2.987691211,-9.52E-05
-2.975187044,-9.23E-05
-2.950178711,-8.67E-05
-2.900162044,-7.65E-05
-2.800128711,-5.96E-05
-2.600062044,-3.61E-05
-2.199928711,-1.33E-05
-2.099895378,-1.03E-05
-1.899828711,-6.27E-06
-1.499695378,-2.31E-06
-1.268313381,-1.29E-06
-0.805549389,-4.00E-07
-0.244885732,-7.07E-08
0,0.00E+00
0.87644158,4.80E-07
1.098017261,8.42E-07
1.541168623,2.56E-06
1.690470744,3.72E-06
1.989074984,7.84E-06
2.220158839,1.40E-05
2.454112028,2.51E-05
2.454854739,0.0002
2.45485474,0.0002
2.45485474,0.0002
2.454854741,0.0002
2.454854743,0.0002
2.454854747,0.0002
2.454854755,0.0002
2.454854772,0.0002
2.454854804,0.0002
2.454854869,0.0002
2.454855,0.0002
2.45485526,0.0002
2.454855781,0.0002
2.454856824,0.0002
2.454858908,0.0002
2.454863077,0.0002
2.454871415,0.0002
2.454888091,0.0002
2.454921442,0.0002
2.454988145,0.0002
2.455121551,0.0002
2.455388362,0.0002
2.455921986,0.0002
2.456989232,0.0002
2.459123725,0.0002
2.463392712,0.0002
2.471930684,0.0002
2.489006629,0.0002
2.523158519,0.0002
2.591462299,0.0002
2.728069858,0.0002
3,0.0002
2.987495833,0.0002
2.9624875,0.0002
2.912470833,0.0002
2.8124375,0.0002
2.612370833,0.0002
2.2122375,0.0002
1.411970833,0.0002
0.59880191,0.0001996
0.381119726,0.00012704
0.374317158,0.000124772
0.360712021,0.000120237
0.333501748,0.000111167
0.279081202,9.30E-05
0.170240109,5.67E-05
-0.047442075,-9.42E-06
-0.482806444,-9.73E-05
-0.700488629,-0.000143255
-1.135852998,-0.000240881
-1.199754564,-0.000255869
-1.327557696,-0.000286332
-1.401976588,-1.81E-06
-1.417941349,-1.88E-06
-1.449870872,-2.04E-06
-1.513729919,-2.39E-06
-1.641448011,-3.29E-06
-1.896884196,-6.23E-06
-2.407756565,-2.23E-05
-3,-9.82E-05
-2.99921849,-9.80E-05
-2.997655469,-9.76E-05
-2.994529427,-9.68E-05
-2.988277344,-9.53E-05
-2.975773177,-9.24E-05
-2.950764844,-8.68E-05
-2.900748177,-7.66E-05
-2.800714844,-5.97E-05
-2.600648177,-3.62E-05
-2.200514844,-1.33E-05
-2.10048151,-1.04E-05
-1.900414844,-6.28E-06
-1.50028151,-2.31E-06
-1.269069352,-1.29E-06
-0.806645034,-4.01E-07
-0.246807052,-7.13E-08
0,0.00E+00
0.872868914,4.75E-07
1.100526547,8.47E-07
1.555841813,2.65E-06
1.700680544,3.81E-06
1.990358008,7.87E-06
2.217871655,1.39E-05
2.449657028,2.48E-05
2.450391811,0.0002
2.450391811,0.0002
2.450391812,0.0002
2.450391813,0.0002
2.450391815,0.0002
2.450391819,0.0002
2.450391828,0.0002
2.450391845,0.0002
2.450391879,0.0002
2.450391947,0.0002
2.450392084,0.0002
2.450392356,0.0002
2.450392902,0.0002
2.450393994,0.0002
2.450396176,0.0002
2.450400542,0.0002
2.450409273,0.0002
2.450426735,0.0002
2.45046166,0.0002
2.450531509,0.0002
2.450671208,0.0002
2.450950604,0.0002
2.451509398,0.0002
2.452626985,0.0002
2.454862159,0.0002
2.459332507,0.0002
2.468273204,0.0002
2.486154598,0.0002
2.521917385,0.0002
2.593442958,0.0002
2.736494106,0.0002
3,0.0002
2.987495833,0.0002
2.9624875,0.0002
2.912470833,0.0002
2.8124375,0.0002
2.612370833,0.0002
2.2122375,0.0002
1.411970833,0.0002
0.59880191,0.0001996
0.381119726,0.00012704
0.374317158,0.000124772
0.360712021,0.000120237
0.333501748,0.000111167
0.279081202,9.30E-05
0.170240109,5.67E-05
-0.047442075,-9.42E-06
-0.482806444,-9.73E-05
-0.700488629,-0.000143255
-1.135852998,-0.000240881
-1.199754564,-0.000255869
-1.327557696,-0.000286332
-1.401976589,-1.81E-06
-1.417941351,-1.88E-06
-1.449870875,-2.04E-06
-1.513729923,-2.39E-06
-1.641448018,-3.29E-06
-1.896884209,-6.23E-06
-2.407756592,-2.23E-05
-3,-9.82E-05
-2.99921849,-9.80E-05
-2.997655469,-9.76E-05
-2.994529427,-9.68E-05
-2.988277344,-9.53E-05
-2.975773177,-9.24E-05
-2.950764844,-8.68E-05
-2.900748177,-7.66E-05
-2.800714844,-5.97E-05
-2.600648177,-3.62E-05
-2.200514844,-1.33E-05
-2.10048151,-1.04E-05
-1.900414844,-6.28E-06
-1.50028151,-2.31E-06
-1.269069352,-1.29E-06
-0.806645034,-4.01E-07
-0.246807052,-7.13E-08
0,0.00E+00
0.872868914,4.75E-07
1.100526547,8.47E-07
1.555841813,2.65E-06
1.700680544,3.81E-06
1.990358008,7.87E-06
2.217776015,1.39E-05
2.449515408,2.48E-05
2.450250052,0.0002
2.450250052,0.0002
2.450250052,0.0002
2.450250053,0.0002
2.450250056,0.0002
2.45025006,0.0002
2.450250069,0.0002
2.450250087,0.0002
2.450250123,0.0002
2.450250194,0.0002
2.450250336,0.0002
2.450250622,0.0002
2.450251192,0.0002
2.450252332,0.0002
2.450254613,0.0002
2.450259176,0.0002
2.4502683,0.0002
2.450286549,0.0002
2.450323047,0.0002
2.450396042,0.0002
2.450542033,0.0002
2.450834015,0.0002
2.451417979,0.0002
2.452585907,0.0002
2.454921762,0.0002
2.459593472,0.0002
2.468936893,0.0002
2.487623735,0.0002
2.524997419,0.0002
2.599744787,0.0002
2.749239522,0.0002
3,0.0002
2.987495833,0.0002
2.9624875,0.0002
2.912470833,0.0002
2.8124375,0.0002
2.612370833,0.0002
2.2122375,0.0002
1.411970833,0.0002
0.59880191,0.0001996
0.381119726,0.00012704
0.374317158,0.000124772
0.360712021,0.000120237
0.333501748,0.000111167
0.279081202,9.30E-05
0.170240109,5.67E-05
-0.047442075,-9.42E-06
-0.482806444,-9.73E-05
-0.700488629,-0.000143255
-1.135852998,-0.000240881
-1.199754564,-0.000255869
-1.327557696,-0.000286332
-1.401976583,-1.81E-06
-1.417941343,-1.88E-06
-1.449870864,-2.04E-06
-1.513729905,-2.39E-06
-1.641447987,-3.29E-06
-1.896884151,-6.23E-06
-2.40775648,-2.23E-05
-3,-9.82E-05
-2.99921849,-9.80E-05
-2.997655469,-9.76E-05
-2.994529427,-9.68E-05
-2.988277344,-9.53E-05
-2.975773177,-9.24E-05
-2.950764844,-8.68E-05
-2.900748177,-7.66E-05
-2.800714844,-5.97E-05
-2.600648177,-3.62E-05
-2.200514844,-1.33E-05
-2.10048151,-1.04E-05
-1.900414844,-6.28E-06
-1.50028151,-2.31E-06
-1.269069352,-1.29E-06
-0.806645034,-4.01E-07
-0.246807052,-7.13E-08
0,0.00E+00
0.872868914,4.75E-07
1.100526547,8.47E-07
1.555841813,2.65E-06
1.700680544,3.81E-06
1.990358008,7.87E-06
2.217680093,1.39E-05
2.449397744,2.48E-05
2.450132288,0.0002
2.450132289,0.0002
2.450132289,0.0002
2.45013229,0.0002
2.450132293,0.0002
2.450132297,0.0002
2.450132307,0.0002
2.450132325,0.0002
2.450132362,0.0002
2.450132437,0.0002
2.450132585,0.0002
2.450132883,0.0002
2.450133478,0.0002
2.450134667,0.0002
2.450137047,0.0002
2.450141806,0.0002
2.450151323,0.0002
2.450170359,0.0002
2.45020843,0.0002
2.450284571,0.0002
2.450436855,0.0002
2.450741422,0.0002
2.451350556,0.0002
2.452568824,0.0002
2.455005361,0.0002
2.459878433,0.0002
2.469624578,0.0002
2.489116869,0.0002
2.52810145,0.0002
2.606070612,0.0002
2.762008935,0.0002
3,0.0002
2.987495833,0.0002
2.9624875,0.0002
2.912470833,0.0002
2.8124375,0.0002
2.612370833,0.0002
2.2122375,0.0002
1.411970833,0.0002
0.59880191,0.0001996
0.381119726,0.00012704
0.374317157,0.000124772
0.360712021,0.000120237
0.333501748,0.000111167
0.279081202,9.30E-05
0.170240109,5.67E-05
-0.047442075,-9.42E-06
-0.482806444,-9.73E-05
-0.700488629,-0.000143255
-1.135852998,-0.000240881
-1.199754564,-0.000255869
-1.327557696,-0.000286332
-1.401976587,-1.81E-06
-1.417941348,-1.88E-06
-1.44987087,-2.04E-06
-1.513729915,-2.39E-06
-1.641448005,-3.29E-06
-1.896884186,-6.23E-06
-2.407756546,-2.23E-05
-3,-9.82E-05
-2.99921849,-9.80E-05
-2.997655469,-9.76E-05
-2.994529427,-9.68E-05
-2.988277344,-9.53E-05
-2.975773177,-9.24E-05
-2.950764844,-8.68E-05
-2.900748177,-7.66E-05
-2.800714844,-5.97E-05
-2.600648177,-3.62E-05
-2.200514844,-1.33E-05
-2.10048151,-1.04E-05
-1.900414844,-6.28E-06
-1.50028151,-2.31E-06
-1.269069352,-1.29E-06
-0.806645034,-4.01E-07
-0.246807052,-7.13E-08
0,0.00E+00
0.872868914,4.75E-07
1.100526547,8.47E-07
1.555841813,2.65E-06
1.700680544,3.81E-06
1.990358008,7.87E-06
2.217583926,1.39E-05
2.44927981,2.48E-05
2.450014254,0.0002
2.450014254,0.0002
2.450014255,0.0002
2.450014256,0.0002
2.450014258,0.0002
2.450014263,0.0002
2.450014273,0.0002
2.450014292,0.0002
2.450014331,0.0002
2.450014408,0.0002
2.450014563,0.0002
2.450014873,0.0002
2.450015492,0.0002
2.450016731,0.0002
2.450019209,0.0002
2.450024163,0.0002
2.450034073,0.0002
2.450053893,0.0002
2.450093533,0.0002
2.450172813,0.0002
2.450331372,0.0002
2.45064849,0.0002
2.451282726,0.0002
2.452551198,0.0002
2.455088143,0.0002
2.460162032,0.0002
2.47030981,0.0002
2.490605366,0.0002
2.531196478,0.0002
2.612378703,0.0002
2.774743152,0.0002
3,0.0002
2.987495833,0.0002
2.9624875,0.0002
2.912470833,0.0002
2.8124375,0.0002
2.612370833,0.0002
2.2122375,0.0002
1.411970833,0.0002
0.59880191,0.0001996
0.381119726,0.00012704
0.374317158,0.000124772
0.360712021,0.000120237
0.333501748,0.000111167
0.279081202,9.30E-05
0.170240109,5.67E-05
-0.047442075,-9.42E-06
-0.482806444,-9.73E-05
-0.700488629,-0.000143255
-1.135852998,-0.000240881
-1.199754564,-0.000255869
-1.327557696,-0.000286332
-1.40197658,-1.81E-06
-1.41794134,-1.88E-06
-1.449870859,-2.04E-06
-1.513729898,-2.39E-06
-1.641447974,-3.29E-06
-1.896884128,-6.23E-06
-2.407756435,-2.23E-05
-3,-9.82E-05
-2.99921849,-9.80E-05
-2.997655469,-9.76E-05
-2.994529427,-9.68E-05
-2.988277344,-9.53E-05
-2.975773177,-9.24E-05
-2.950764844,-8.68E-05
-2.900748177,-7.66E-05
-2.800714844,-5.97E-05
-2.600648177,-3.62E-05
-2.200514844,-1.33E-05
-2.10048151,-1.04E-05
-1.900414844,-6.28E-06
-1.50028151,-2.31E-06
-1.269069352,-1.29E-06
-0.806645034,-4.01E-07
-0.246807052,-7.13E-08
0,0.00E+00
0.872868914,4.75E-07
1.100526547,8.47E-07
1.555841813,2.65E-06
1.700680544,3.81E-06
1.990358008,7.87E-06
2.217487515,1.39E-05
2.449161605,2.48E-05
2.449895949,0.0002
2.44989595,0.0002
2.44989595,0.0002
2.449895951,0.0002
2.449895954,0.0002
2.449895959,0.0002
2.449895969,0.0002
2.449895989,0.0002
2.449896029,0.0002
2.44989611,0.0002
2.449896271,0.0002
2.449896593,0.0002
2.449897237,0.0002
2.449898525,0.0002
2.449901101,0.0002
2.449906253,0.0002
2.449916558,0.0002
2.449937166,0.0002
2.449978383,0.0002
2.450060818,0.0002
2.450225686,0.0002
2.450555424,0.0002
2.451214898,0.0002
2.452533847,0.0002
2.455171746,0.0002
2.460447543,0.0002
2.470999136,0.0002
2.492102324,0.0002
2.534308699,0.0002
2.618721449,0.0002
2.787546948,0.0002
3,0.0002
2.987495833,0.0002
2.9624875,0.0002
2.912470833,0.0002
2.8124375,0.0002
2.612370833,0.0002
2.2122375,0.0002
1.411970833,0.0002
0.59880191,0.0001996
0.381119726,0.00012704
0.374317157,0.000124772
0.360712021,0.000120237
0.333501748,0.000111167
0.279081202,9.30E-05
0.170240109,5.67E-05
-0.047442075,-9.42E-06
-0.482806444,-9.73E-05
-0.700488629,-0.000143255
-1.135852998,-0.000240881
-1.647042142,-3.33E-06
-1.754726483,-4.36E-06
-1.970095166,-7.48E-06
-2.400832532,-2.20E-05
-3,-9.82E-05
-2.996873958,-9.74E-05
-2.990621875,-9.59E-05
-2.978117708,-9.29E-05
-2.953109375,-8.73E-05
-2.903092708,-7.71E-05
-2.803059375,-6.00E-05
-2.602992708,-3.64E-05
-2.202859375,-1.34E-05
-2.102826042,-1.04E-05
-1.902759375,-6.32E-06
-1.502626042,-2.32E-06
-1.272091977,-1.30E-06
-0.811023846,-4.05E-07
-0.254469719,-7.38E-08
0,0.00E+00
0.858638535,4.58E-07
1.10898152,8.65E-07
1.609667489,3.04E-06
1.738943653,4.20E-06
1.997495983,8.01E-06
2.212633949,1.37E-05
2.214001731,0.0002
2.214001731,0.0002
2.214001732,0.0002
2.214001733,0.0002
2.214001736,0.0002
2.214001741,0.0002
2.214001752,0.0002
2.214001773,0.0002
2.214001814,0.0002
2.214001898,0.0002
2.214002065,0.0002
2.214002399,0.0002
2.214003067,0.0002
2.214004403,0.0002
2.214007076,0.0002
2.214012421,0.0002
2.214023111,0.0002
2.214044491,0.0002
2.214087252,0.0002
2.214172773,0.0002
2.214343815,0.0002
2.214685898,0.0002
2.215370066,0.0002
2.2167384,0.0002
2.21947507,0.0002
2.224948409,0.0002
2.235895087,0.0002
2.257788444,0.0002
2.301575157,0.0002
2.389148582,0.0002
2.564295434,0.0002
2.914589138,0.0002
3,0.0002
2.987495833,0.0002
2.9624875,0.0002
2.912470833,0.0002
2.8124375,0.0002
2.612370833,0.0002
2.2122375,0.0002
1.411970833,0.0002
0.59880191,0.0001996
0.381119726,0.00012704
0.374317158,0.000124772
0.360712021,0.000120237
0.333501748,0.000111167
0.279081202,9.30E-05
0.170240109,5.67E-05
-0.047442075,-9.42E-06
-0.482806444,-9.73E-05
-0.53722699,-0.000108631
-0.646068083,-0.000131605
-0.863750267,-0.000178945
-1.047860171,-0.000220515
-1.416079978,-1.87E-06
-1.547416604,-2.60E-06
-1.810089855,-5.01E-06
-2.335436357,-1.86E-05
-2.418506813,-2.29E-05
-2.584647723,-3.48E-05
-2.792323862,-5.84E-05
-3,-9.82E-05
-2.99921849,-9.80E-05
-2.997655469,-9.76E-05
-2.994529427,-9.68E-05
-2.988277344,-9.53E-05
-2.975773177,-9.24E-05
-2.950764844,-8.68E-05
-2.900748177,-7.66E-05
-2.800714844,-5.97E-05
-2.600648177,-3.62E-05
-2.200514844,-1.33E-05
-2.10048151,-1.04E-05
-1.900414844,-6.28E-06
-1.50028151,-2.31E-06
-1.269069352,-1.29E-06
-0.806645034,-4.01E-07
-0.246807052,-7.13E-08
0,0.00E+00
0.872868914,4.75E-07
1.100526547,8.47E-07
1.555841813,2.65E-06
1.700680544,3.81E-06
1.990358008,7.87E-06
2.218041027,1.39E-05
2.219435102,0.0002
2.219435102,0.0002
2.219435103,0.0002
2.219435104,0.0002
2.219435107,0.0002
2.219435112,0.0002
2.219435123,0.0002
2.219435145,0.0002
2.219435188,0.0002
2.219435274,0.0002
2.219435448,0.0002
2.219435794,0.0002
2.219436487,0.0002
2.219437872,0.0002
2.219440642,0.0002
2.219446184,0.0002
2.219457266,0.0002
2.219479431,0.0002
2.21952376,0.0002
2.219612419,0.0002
2.219789736,0.0002
2.220144371,0.0002
2.22085364,0.0002
2.222272179,0.0002
2.225109257,0.0002
2.230783412,0.0002
2.242131723,0.0002
2.264828346,0.0002
2.31022159,0.0002
2.401008079,0.0002
2.582581056,0.0002
2.945727011,0.0002
3,0.0002
2.987495833,0.0002
2.9624875,0.0002
2.912470833,0.0002
2.8124375,0.0002
2.612370833,0.0002
2.2122375,0.0002
1.411970833,0.0002
0.59880191,0.0001996
0.381119726,0.00012704
0.374317157,0.000124772
0.360712021,0.000120237
0.333501748,0.000111167
0.279081202,9.30E-05
0.170240109,5.67E-05
-0.047442075,-9.42E-06
-0.482806444,-9.73E-05
-0.700488629,-0.000143255
-1.135852998,-0.000240881
-1.647065527,-3.33E-06
-1.754756634,-4.36E-06
-1.970138848,-7.48E-06
-2.400903277,-2.20E-05
-3,-9.82E-05
-2.996873958,-9.74E-05
-2.990621875,-9.59E-05
-2.978117708,-9.29E-05
-2.953109375,-8.73E-05
-2.903092708,-7.71E-05
-2.803059375,-6.00E-05
-2.602992708,-3.64E-05
-2.202859375,-1.34E-05
-2.102826042,-1.04E-05
-1.902759375,-6.32E-06
-1.502626042,-2.32E-06
-1.272091977,-1.30E-06
-0.811023846,-4.05E-07
-0.254469719,-7.38E-08
0,0.00E+00
0.858638535,4.58E-07
1.10898152,8.65E-07
1.609667489,3.04E-06
1.738943653,4.20E-06
1.997495983,8.01E-06
2.212587911,1.37E-05
2.437325071,2.40E-05
2.438034502,0.0002
2.438034502,0.0002
2.438034503,0.0002
2.438034504,0.0002
2.438034507,0.0002
2.438034513,0.0002
2.438034524,0.0002
2.438034546,0.0002
2.438034591,0.0002
2.438034681,0.0002
2.43803486,0.0002
2.438035219,0.0002
2.438035937,0.0002
2.438037372,0.0002
2.438040243,0.0002
2.438045984,0.0002
2.438057467,0.0002
2.438080434,0.0002
2.438126366,0.0002
2.438218231,0.0002
2.43840196,0.0002
2.438769419,0.0002
2.439504336,0.0002
2.44097417,0.0002
2.443913839,0.0002
2.449793176,0.0002
2.461551852,0.0002
2.485069202,0.0002
2.532103902,0.0002
2.626173303,0.0002
2.814312105,0.0002
3,0.0002
2.987495833,0.0002
2.9624875,0.0002
2.912470833,0.0002
2.8124375,0.0002
2.612370833,0.0002
2.2122375,0.0002
1.411970833,0.0002
0.59880191,0.0001996
0.381119726,0.00012704
0.374317158,0.000124772
0.360712021,0.000120237
0.333501748,0.000111167
0.279081202,9.30E-05
0.170240109,5.67E-05
-0.047442075,-9.42E-06
-0.482806444,-9.73E-05
-0.700488629,-0.000143255
-1.135852998,-0.000240881
-1.199754564,-0.000255869
-1.327557696,-0.000286332
-1.401976582,-1.81E-06
-1.417941342,-1.88E-06
-1.449870862,-2.04E-06
-1.513729902,-2.39E-06
-1.641447982,-3.29E-06
-1.896884141,-6.23E-06
-2.407756461,-2.23E-05
-3,-9.82E-05
-2.99921849,-9.80E-05
-2.997655469,-9.76E-05
-2.994529427,-9.68E-05
-2.988277344,-9.53E-05
-2.975773177,-9.24E-05
-2.950764844,-8.68E-05
-2.900748177,-7.66E-05
-2.800714844,-5.97E-05
-2.600648177,-3.62E-05
-2.200514844,-1.33E-05
-2.10048151,-1.04E-05
-1.900414844,-6.28E-06
-1.50028151,-2.31E-06
-1.269069352,-1.29E-06
-0.806645034,-4.01E-07
-0.246807052,-7.13E-08
0,0.00E+00
0.872868914,4.75E-07
1.100526547,8.47E-07
1.555841813,2.65E-06
1.700680544,3.81E-06
1.990358008,7.87E-06
2.217822868,1.39E-05
2.449572892,2.48E-05
2.450307584,0.0002
2.450307584,0.0002
2.450307585,0.0002
2.450307587,0.0002
2.45030759,0.0002
2.450307595,0.0002
2.450307607,0.0002
2.45030763,0.0002
2.450307677,0.0002
2.450307769,0.0002
2.450307955,0.0002
2.450308326,0.0002
2.450309068,0.0002
2.450310553,0.0002
2.450313522,0.0002
2.450319461,0.0002
2.450331339,0.0002
2.450355093,0.0002
2.450402603,0.0002
2.450497623,0.0002
2.450687662,0.0002
2.451067739,0.0002
2.451827895,0.0002
2.453348206,0.0002
2.456388829,0.0002
2.462470074,0.0002
2.474632565,0.0002
2.498957547,0.0002
2.54760751,0.0002
2.644907436,0.0002
2.839507288,0.0002
3,0.0002
2.987495833,0.0002
2.9624875,0.0002
2.912470833,0.0002
2.8124375,0.0002
2.612370833,0.0002
2.2122375,0.0002
1.411970833,0.0002
0.59880191,0.0001996
0.381119726,0.00012704
0.374317157,0.000124772
0.360712021,0.000120237
0.333501748,0.000111167
0.279081202,9.30E-05
0.170240109,5.67E-05
-0.047442075,-9.42E-06
-0.482806444,-9.73E-05
-0.700488629,-0.000143255
-1.135852998,-0.000240881
-1.199754564,-0.000255869
-1.327557696,-0.000286332
-1.401976584,-1.81E-06
-1.417941345,-1.88E-06
-1.449870866,-2.04E-06
-1.513729908,-2.39E-06
-1.641447993,-3.29E-06
-1.896884163,-6.23E-06
-2.407756502,-2.23E-05
-3,-9.82E-05
-2.99921849,-9.80E-05
-2.997655469,-9.76E-05
-2.994529427,-9.68E-05
-2.988277344,-9.53E-05
-2.975773177,-9.24E-05
-2.950764844,-8.68E-05
-2.900748177,-7.66E-05
-2.800714844,-5.97E-05
-2.600648177,-3.62E-05
-2.200514844,-1.33E-05
-2.10048151,-1.04E-05
-1.900414844,-6.28E-06
-1.50028151,-2.31E-06
-1.269069352,-1.29E-06
-0.806645034,-4.01E-07
-0.246807052,-7.13E-08
0,0.00E+00
0.872868914,4.75E-07
1.100526547,8.47E-07
1.555841813,2.65E-06
1.700680544,3.81E-06
1.990358008,7.87E-06
2.217727045,1.39E-05
2.449455335,2.48E-05
2.450189927,0.0002
2.450189928,0.0002
2.450189929,0.0002
2.45018993,0.0002
2.450189933,0.0002
2.450189939,0.0002
2.450189951,0.0002
2.450189975,0.0002
2.450190023,0.0002
2.450190119,0.0002
2.450190311,0.0002
2.450190694,0.0002
2.450191461,0.0002
2.450192995,0.0002
2.450196062,0.0002
2.450202197,0.0002
2.450214466,0.0002
2.450239006,0.0002
2.450288084,0.0002
2.450386242,0.0002
2.450582556,0.0002
2.450975185,0.0002
2.451760443,0.0002
2.453330958,0.0002
2.456471989,0.0002
2.462754051,0.0002
2.475318174,0.0002
2.500446422,0.0002
2.550702916,0.0002
2.651215905,0.0002
2.852241883,0.0002
3,0.0002
2.987495833,0.0002
2.9624875,0.0002
2.912470833,0.0002
2.8124375,0.0002
2.612370833,0.0002
2.2122375,0.0002
1.411970833,0.0002
0.59880191,0.0001996
0.381119726,0.00012704
0.374317158,0.000124772
0.360712021,0.000120237
0.333501748,0.000111167
0.279081202,9.30E-05
0.170240109,5.67E-05
-0.047442075,-9.42E-06
-0.482806444,-9.73E-05
-0.700488629,-0.000143255
-1.135852998,-0.000240881
-1.199754564,-0.000255869
-1.327557696,-0.000286332
-1.40197659,-1.81E-06
-1.417941353,-1.88E-06
-1.449870877,-2.04E-06
-1.513729926,-2.39E-06
-1.641448023,-3.29E-06
-1.896884218,-6.23E-06
-2.407756609,-2.23E-05
-3,-9.82E-05
-2.99921849,-9.80E-05
-2.997655469,-9.76E-05
-2.994529427,-9.68E-05
-2.988277344,-9.53E-05
-2.975773177,-9.24E-05
-2.950764844,-8.68E-05
-2.900748177,-7.66E-05
-2.800714844,-5.97E-05
-2.600648177,-3.62E-05
-2.200514844,-1.33E-05
-2.10048151,-1.04E-05
-1.900414844,-6.28E-06
-1.50028151,-2.31E-06
-1.269069352,-1.29E-06
-0.806645034,-4.01E-07
-0.246807052,-7.13E-08
0,0.00E+00
0.872868914,4.75E-07
1.100526547,8.47E-07
1.555841813,2.65E-06
1.700680544,3.81E-06
1.990358008,7.87E-06
2.217630993,1.39E-05
2.449337526,2.48E-05
2.450072019,0.0002
2.450072019,0.0002
2.45007202,0.0002
2.450072021,0.0002
2.450072024,0.0002
2.450072031,0.0002
2.450072043,0.0002
2.450072068,0.0002
2.450072117,0.0002
2.450072216,0.0002
2.450072414,0.0002
2.45007281,0.0002
2.450073601,0.0002
2.450075184,0.0002
2.45007835,0.0002
2.450084682,0.0002
2.450097346,0.0002
2.450122674,0.0002
2.45017333,0.0002
2.450274642,0.0002
2.450477266,0.0002
2.450882514,0.0002
2.451693011,0.0002
2.453314003,0.0002
2.456555988,0.0002
2.463039958,0.0002
2.476007897,0.0002
2.501943775,0.0002
2.553815532,0.0002
2.657559046,0.0002
2.865046074,0.0002
3,0.0002
2.987495833,0.0002
2.9624875,0.0002
2.912470833,0.0002
2.8124375,0.0002
2.612370833,0.0002
2.2122375,0.0002
1.411970833,0.0002
0.59880191,0.0001996
0.381119726,0.00012704
0.374317157,0.000124772
0.360712021,0.000120237
0.333501748,0.000111167
0.279081202,9.30E-05
0.170240109,5.67E-05
-0.047442075,-9.42E-06
-0.482806444,-9.73E-05
-0.700488629,-0.000143255
-1.135852998,-0.000240881
-1.199754564,-0.000255869
-1.327557696,-0.000286332
-1.401976577,-1.81E-06
-1.417941335,-1.88E-06
-1.449870852,-2.04E-06
-1.513729887,-2.39E-06
-1.641447956,-3.29E-06
-1.896884094,-6.23E-06
-2.40775637,-2.23E-05
-3,-9.82E-05
-2.99921849,-9.80E-05
-2.997655469,-9.76E-05
-2.994529427,-9.68E-05
-2.988277344,-9.53E-05
-2.975773177,-9.24E-05
-2.950764844,-8.68E-05
-2.900748177,-7.66E-05
-2.800714844,-5.97E-05
-2.600648177,-3.62E-05
-2.200514844,-1.33E-05
-2.10048151,-1.04E-05
-1.900414844,-6.28E-06
-1.50028151,-2.31E-06
-1.269069352,-1.29E-06
-0.806645034,-4.01E-07
-0.246807052,-7.13E-08
0,0.00E+00
0.872868914,4.75E-07
1.100526547,8.47E-07
1.555841813,2.65E-06
1.700680544,3.81E-06
1.990358008,7.87E-06
2.2175347,1.39E-05
2.449219453,2.48E-05
2.449953846,0.0002
2.449953846,0.0002
2.449953847,0.0002
2.449953848,0.0002
2.449953851,0.0002
2.449953858,0.0002
2.449953871,0.0002
2.449953896,0.0002
2.449953947,0.0002
2.449954049,0.0002
2.449954253,0.0002
2.449954661,0.0002
2.449955477,0.0002
2.449957109,0.0002
2.449960373,0.0002
2.449966901,0.0002
2.449979958,0.0002
2.45000607,0.0002
2.450058295,0.0002
2.450162745,0.0002
2.450371644,0.0002
2.450789443,0.0002
2.451625042,0.0002
2.453296238,0.0002
2.456638631,0.0002
2.463323417,0.0002
2.476692989,0.0002
2.503432134,0.0002
2.556910422,0.0002
2.663866999,0.0002
2.877780153,0.0002
3,0.0002
2.987495833,0.0002
2.9624875,0.0002
2.912470833,0.0002
2.8124375,0.0002
2.612370833,0.0002
2.2122375,0.0002
1.411970833,0.0002
0.59880191,0.0001996
0.381119726,0.00012704
0.374317157,0.000124772
0.360712021,0.000120237
0.333501748,0.000111167
0.279081202,9.30E-05
0.170240109,5.67E-05
-0.047442075,-9.42E-06
-0.482806444,-9.73E-05
-0.700488629,-0.000143255
-1.135852998,-0.000240881
-1.199751641,-0.000255869
-1.327548927,-1.50E-06
-1.374611658,-1.69E-06
-1.468737119,-2.13E-06
-1.656988043,-3.42E-06
-2.03348989,-8.76E-06
-2.127615352,-1.11E-05
-2.315866276,-1.78E-05
-2.692368123,-4.55E-05
-3,-9.82E-05
-2.99921849,-9.80E-05
-2.997655469,-9.76E-05
-2.994529427,-9.68E-05
-2.988277344,-9.53E-05
-2.975773177,-9.24E-05
-2.950764844,-8.68E-05
-2.900748177,-7.66E-05
-2.800714844,-5.97E-05
-2.600648177,-3.62E-05
-2.200514844,-1.33E-05
-2.10048151,-1.04E-05
-1.900414844,-6.28E-06
-1.50028151,-2.31E-06
-1.269069352,-1.29E-06
-0.806645034,-4.01E-07
-0.246807052,-7.13E-08
0,0.00E+00
0.872868914,4.75E-07
1.100526547,8.47E-07
1.555841813,2.65E-06
1.700680544,3.81E-06
1.990358008,7.87E-06
2.217963389,1.39E-05
2.449863829,2.48E-05
2.450598873,0.0002
2.450598873,0.0002
2.450598874,0.0002
2.450598876,0.0002
2.450598879,0.0002
2.450598885,0.0002
2.450598899,0.0002
2.450598925,0.0002
2.450598977,0.0002
2.450599082,0.0002
2.450599293,0.0002
2.450599713,0.0002
2.450600554,0.0002
2.450602235,0.0002
2.450605598,0.0002
2.450612323,0.0002
2.450625773,0.0002
2.450652675,0.0002
2.450706477,0.0002
2.450814081,0.0002
2.451029291,0.0002
2.451459709,0.0002
2.452320546,0.0002
2.454042219,0.0002
2.457485566,0.0002
2.46437226,0.0002
2.478145648,0.0002
2.505692423,0.0002
2.560785974,0.0002
2.670973076,0.0002
2.891347281,0.0002
3,0.0002
2.987495833,0.0002
2.9624875,0.0002
2.912470833,0.0002
2.8124375,0.0002
2.612370833,0.0002
2.2122375,0.0002
1.411970833,0.0002
0.59880191,0.0001996
0.381119726,0.00012704
0.374317157,0.000124772
0.360712021,0.000120237
0.333501748,0.000111167
0.279081202,9.30E-05
0.170240109,5.67E-05
-0.047442075,-9.42E-06
-0.482806444,-9.73E-05
-0.700488629,-0.000143255
-1.135852998,-0.000240881
-1.199754564,-0.000255869
-1.327557696,-0.000286332
-1.401976576,-1.81E-06
-1.417941335,-1.88E-06
-1.449870852,-2.04E-06
-1.513729886,-2.39E-06
-1.641447954,-3.29E-06
-1.896884091,-6.23E-06
-2.407756364,-2.23E-05
-3,-9.82E-05
-2.99921849,-9.80E-05
-2.997655469,-9.76E-05
-2.994529427,-9.68E-05
-2.988277344,-9.53E-05
-2.975773177,-9.24E-05
-2.950764844,-8.68E-05
-2.900748177,-7.66E-05
-2.800714844,-5.97E-05
-2.600648177,-3.62E-05
-2.200514844,-1.33E-05
-2.10048151,-1.04E-05
-1.900414844,-6.28E-06
-1.50028151,-2.31E-06
-1.269069352,-1.29E-06
-0.806645034,-4.01E-07
-0.246807052,-7.13E-08
0,0.00E+00
0.872868914,4.75E-07
1.100526547,8.47E-07
1.555841813,2.65E-06
1.700680544,3.81E-06
1.990358008,7.87E-06
2.217868215,1.39E-05
2.449649289,2.48E-05
2.450384063,0.0002
2.450384063,0.0002
2.450384064,0.0002
2.450384066,0.0002
2.450384069,0.0002
2.450384076,0.0002
2.450384089,0.0002
2.450384116,0.0002
2.450384171,0.0002
2.450384279,0.0002
2.450384495,0.0002
2.450384928,0.0002
2.450385793,0.0002
2.450387523,0.0002
2.450390984,0.0002
2.450397905,0.0002
2.450411748,0.0002
2.450439434,0.0002
2.450494805,0.0002
2.450605547,0.0002
2.450827032,0.0002
2.451270001,0.0002
2.45215594,0.0002
2.453927818,0.0002
2.457471573,0.0002
2.464559083,0.0002
2.478734104,0.0002
2.507084145,0.0002
2.563784227,0.0002
2.677184392,0.0002
2.903984722,0.0002
3,0.0002
2.987495833,0.0002
2.9624875,0.0002
2.912470833,0.0002
2.8124375,0.0002
2.612370833,0.0002
2.2122375,0.0002
1.411970833,0.0002
0.59880191,0.0001996
0.381119726,0.00012704
0.374317157,0.000124772
0.360712021,0.000120237
0.333501748,0.000111167
0.279081202,9.30E-05
0.170240109,5.67E-05
-0.047442075,-9.42E-06
-0.482806444,-9.73E-05
-0.700488629,-0.000143255
-1.135852998,-0.000240881
-1.199754564,-0.000255869
-1.327557696,-0.000286332
-1.40197658,-1.81E-06
-1.41794134,-1.88E-06
-1.449870859,-2.04E-06
-1.513729897,-2.39E-06
-1.641447973,-3.29E-06
-1.896884126,-6.23E-06
-2.407756431,-2.23E-05
-3,-9.82E-05
-2.99921849,-9.80E-05
-2.997655469,-9.76E-05
-2.994529427,-9.68E-05
-2.988277344,-9.53E-05
-2.975773177,-9.24E-05
-2.950764844,-8.68E-05
-2.900748177,-7.66E-05
-2.800714844,-5.97E-05
-2.600648177,-3.62E-05
-2.200514844,-1.33E-05
-2.10048151,-1.04E-05
-1.900414844,-6.28E-06
-1.50028151,-2.31E-06
-1.269069352,-1.29E-06
-0.806645034,-4.01E-07
-0.246807052,-7.13E-08
0,0.00E+00
0.872868914,4.75E-07
1.100526547,8.47E-07
1.555841813,2.65E-06
1.700680544,3.81E-06
1.990358008,7.87E-06
2.217772558,1.39E-05
2.449511167,2.48E-05
2.450245807,0.0002
2.450245807,0.0002
2.450245808,0.0002
2.45024581,0.0002
2.450245814,0.0002
2.45024582,0.0002
2.450245834,0.0002
2.450245862,0.0002
2.450245918,0.0002
2.450246029,0.0002
2.450246251,0.0002
2.450246696,0.0002
2.450247586,0.0002
2.450249365,0.0002
2.450252924,0.0002
2.450260042,0.0002
2.450274277,0.0002
2.450302747,0.0002
2.450359687,0.0002
2.450473567,0.0002
2.450701327,0.0002
2.451156847,0.0002
2.452067888,0.0002
2.45388997,0.0002
2.457534133,0.0002
2.46482246,0.0002
2.479399114,0.0002
2.508552421,0.0002
2.566859034,0.0002
2.683472262,0.0002
2.916698718,0.0002
3,0.0002
2.987495833,0.0002
2.9624875,0.0002
2.912470833,0.0002
2.8124375,0.0002
2.612370833,0.0002
2.2122375,0.0002
1.411970833,0.0002
0.59880191,0.0001996
0.381119726,0.00012704
0.374317157,0.000124772
0.360712021,0.000120237
0.333501748,0.000111167
0.279081202,9.30E-05
0.170240109,5.67E-05
-0.047442075,-9.42E-06
-0.482806444,-9.73E-05
-0.700488629,-0.000143255
-1.135852998,-0.000240881
-1.199754564,-0.000255869
-1.327557696,-0.000286332
-1.401976589,-1.81E-06
-1.417941351,-1.88E-06
-1.449870875,-2.04E-06
-1.513729922,-2.39E-06
-1.641448017,-3.29E-06
-1.896884207,-6.23E-06
-2.407756586,-2.23E-05
-3,-9.82E-05
-2.99921849,-9.80E-05
-2.997655469,-9.76E-05
-2.994529427,-9.68E-05
-2.988277344,-9.53E-05
-2.975773177,-9.24E-05
-2.950764844,-8.68E-05
-2.900748177,-7.66E-05
-2.800714844,-5.97E-05
-2.600648177,-3.62E-05
-2.200514844,-1.33E-05
-2.10048151,-1.04E-05
-1.900414844,-6.28E-06
-1.50028151,-2.31E-06
-1.269069352,-1.29E-06
-0.806645034,-4.01E-07
-0.246807052,-7.13E-08
0,0.00E+00
0.872868914,4.75E-07
1.100526547,8.47E-07
1.555841813,2.65E-06
1.700680544,3.81E-06
1.990358008,7.87E-06
2.217676616,1.39E-05
2.44939348,2.48E-05
2.45012802,0.0002
2.45012802,0.0002
2.450128021,0.0002
2.450128023,0.0002
2.450128027,0.0002
2.450128034,0.0002
2.450128048,0.0002
2.450128077,0.0002
2.450128134,0.0002
2.450128248,0.0002
2.450128477,0.0002
2.450128934,0.0002
2.450129848,0.0002
2.450131677,0.0002
2.450135334,0.0002
2.450142649,0.0002
2.450157278,0.0002
2.450186537,0.0002
2.450245054,0.0002
2.450362089,0.0002
2.450596159,0.0002
2.451064299,0.0002
2.452000578,0.0002
2.453873137,0.0002
2.457618254,0.0002
2.465108489,0.0002
2.480088958,0.0002
2.510049896,0.0002
2.569971773,0.0002
2.689815526,0.0002
2.929503032,0.0002
3,0.0002
2.987495833,0.0002
2.9624875,0.0002
2.912470833,0.0002
2.8124375,0.0002
2.612370833,0.0002
2.2122375,0.0002
1.411970833,0.0002
0.59880191,0.0001996
0.381119726,0.00012704
0.374317157,0.000124772
0.360712021,0.000120237
0.333501748,0.000111167
0.279081202,9.30E-05
0.170240109,5.67E-05
-0.047442075,-9.42E-06
-0.482806444,-9.73E-05
-0.700488629,-0.000143255
-1.135852998,-0.000240881
-1.199754564,-0.000255869
-1.327557696,-0.000286332
-1.401976586,-1.81E-06
-1.417941347,-1.88E-06
-1.449870869,-2.04E-06
-1.513729913,-2.39E-06
-1.641448001,-3.29E-06
-1.896884178,-6.23E-06
-2.40775653,-2.23E-05
-3,-9.82E-05
-2.99921849,-9.80E-05
-2.997655469,-9.76E-05
-2.994529427,-9.68E-05
-2.988277344,-9.53E-05
-2.975773177,-9.24E-05
-2.950764844,-8.68E-05
-2.900748177,-7.66E-05
-2.800714844,-5.97E-05
-2.600648177,-3.62E-05
-2.200514844,-1.33E-05
-2.10048151,-1.04E-05
-1.900414844,-6.28E-06
-1.50028151,-2.31E-06
-1.269069352,-1.29E-06
-0.806645034,-4.01E-07
-0.246807052,-7.13E-08
0,0.00E+00
0.872868914,4.75E-07
1.100526547,8.47E-07
1.555841813,2.65E-06
1.700680544,3.81E-06
1.990358008,7.87E-06
2.217580432,1.39E-05
2.449275525,2.48E-05
2.450009965,0.0002
2.450009966,0.0002
2.450009967,0.0002
2.450009968,0.0002
2.450009972,0.0002
2.450009979,0.0002
2.450009994,0.0002
2.450010024,0.0002
2.450010082,0.0002
2.4500102,0.0002
2.450010434,0.0002
2.450010904,0.0002
2.450011843,0.0002
2.45001372,0.0002
2.450017476,0.0002
2.450024986,0.0002
2.450040008,0.0002
2.450070051,0.0002
2.450130138,0.0002
2.45025031,0.0002
2.450490656,0.0002
2.450971346,0.0002
2.451932728,0.0002
2.45385549,0.0002
2.457701016,0.0002
2.465392067,0.0002
2.480774169,0.0002
2.511538373,0.0002
2.573066781,0.0002
2.696123597,0.0002
2.942237229,0.0002
3,0.0002
2.987495833,0.0002
2.9624875,0.0002
2.912470833,0.0002
2.8124375,0.0002
2.612370833,0.0002
2.2122375,0.0002
1.411970833,0.0002
0.59880191,0.0001996
0.381119726,0.00012704
0.374317157,0.000124772
0.360712021,0.000120237
0.333501748,0.000111167
0.279081202,9.30E-05
0.170240109,5.67E-05
-0.047442075,-9.42E-06
-0.482806444,-9.73E-05
-0.700488629,-0.000143255
-1.135852998,-0.000240881
-1.199754564,-0.000255869
-1.327557696,-0.000286332
-1.401976588,-1.81E-06
-1.41794135,-1.88E-06
-1.449870873,-2.04E-06
-1.513729919,-2.39E-06
-1.641448012,-3.29E-06
-1.896884198,-6.23E-06
-2.40775657,-2.23E-05
-3,-9.82E-05
-2.99921849,-9.80E-05
-2.997655469,-9.76E-05
-2.994529427,-9.68E-05
-2.988277344,-9.53E-05
-2.975773177,-9.24E-05
-2.950764844,-8.68E-05
-2.900748177,-7.66E-05
-2.800714844,-5.97E-05
-2.600648177,-3.62E-05
-2.200514844,-1.33E-05
-2.10048151,-1.04E-05
-1.900414844,-6.28E-06
-1.50028151,-2.31E-06
-1.269069352,-1.29E-06
-0.806645034,-4.01E-07
-0.246807052,-7.13E-08
0,0.00E+00
0.872868914,4.75E-07
1.100526547,8.47E-07
1.555841813,2.65E-06
1.700680544,3.81E-06
1.990358008,7.87E-06
2.217484018,1.39E-05
2.449157319,2.48E-05
2.449891659,0.0002
2.449891659,0.0002
2.44989166,0.0002
2.449891662,0.0002
2.449891666,0.0002
2.449891673,0.0002
2.449891688,0.0002
2.449891719,0.0002
2.449891779,0.0002
2.449891899,0.0002
2.44989214,0.0002
2.449892622,0.0002
2.449893585,0.0002
2.449895512,0.0002
2.449899366,0.0002
2.449907074,0.0002
2.44992249,0.0002
2.449953322,0.0002
2.450014986,0.0002
2.450138313,0.0002
2.450384968,0.0002
2.450878278,0.0002
2.451864898,0.0002
2.453838138,0.0002
2.457784617,0.0002
2.465677576,0.0002
2.481463494,0.0002
2.513035329,0.0002
2.576178999,0.0002
2.702466341,0.0002
2.955041023,0.0002
3,0.0002
2.987495833,0.0002
2.968341452,0.0002
2.930032689,0.0002
2.853415164,0.0002
2.700180114,0.0002
2.393710013,0.0002
1.780769812,0.0002
0.59880191,0.0001996
0.315476581,0.000105159
0.306622665,0.000102207
0.288914832,9.63E-05
0.253499166,8.45E-05
0.182667833,6.09E-05
0.041005169,1.37E-05
-0.24232016,-4.83E-05
-0.383982824,-7.70E-05
-0.667308153,-0.000136139
-0.983417043,-0.000205803
-1.062444265,-0.000223869
-1.220498709,-0.00026077
-1.425742282,-1.92E-06
-1.464342395,-2.11E-06
-1.541542622,-2.56E-06
-1.695943076,-3.77E-06
-2.004743983,-8.15E-06
-2.099053642,-1.03E-05
-2.287672961,-1.65E-05
-2.664911598,-4.25E-05
-3,-9.82E-05
-2.999804622,-9.81E-05
-2.999413867,-9.80E-05
-2.998632357,-9.78E-05
-2.997069336,-9.75E-05
-2.993943294,-9.67E-05
-2.987691211,-9.52E-05
-2.975187044,-9.23E-05
-2.950178711,-8.67E-05
-2.900162044,-7.65E-05
-2.800128711,-5.96E-05
-2.600062044,-3.61E-05
-2.199928711,-1.33E-05
-2.099895377,-1.03E-05
-1.899828711,-6.27E-06
-1.499695377,-2.31E-06
-1.268313381,-1.29E-06
-0.805549388,-4.00E-07
-0.244885732,-7.07E-08
0,0.00E+00
0.876441582,4.80E-07
1.09801726,8.42E-07
1.541168617,2.56E-06
1.690470739,3.72E-06
1.989074984,7.84E-06
2.220119332,1.40E-05
2.454022497,2.51E-05
2.454765089,0.0002
2.454765089,0.0002
2.45476509,0.0002
2.454765092,0.0002
2.454765096,0.0002
2.454765104,0.0002
2.454765119,0.0002
2.45476515,0.0002
2.454765212,0.0002
2.454765335,0.0002
2.454765582,0.0002
2.454766076,0.0002
2.454767064,0.0002
2.45476904,0.0002
2.454772992,0.0002
2.454780896,0.0002
2.454796705,0.0002
2.454828321,0.0002
2.454891553,0.0002
2.455018019,0.0002
2.455270949,0.0002
2.45577681,0.0002
2.456788532,0.0002
2.458811976,0.0002
2.462858863,0.0002
2.470952639,0.0002
2.487140189,0.0002
2.51951529,0.0002
2.584265492,0.0002
2.713765896,0.0002
2.972766704,0.0002
3,0.0002
2.987495833,0.0002
2.974250013,0.0002
2.947758371,0.0002
2.894775088,0.0002
2.788808521,0.0002
2.576875388,0.0002
2.153009122,0.0002
1.375905516,0.0002
0.59880191,0.0001996
0.388852998,0.000129617
0.382292095,0.00012743
0.369170288,0.000123056
0.342926674,0.000114309
0.290439446,9.68E-05
0.18546499,6.18E-05
-0.024483922,-4.86E-06
-0.444381745,-8.94E-05
-0.654330657,-0.000133361
-1.074228481,-0.000226585
-1.160237782,-0.000246581
-1.332256384,-0.000287464
-1.413105265,-1.86E-06
-1.430541747,-1.94E-06
-1.465414712,-2.12E-06
-1.535160641,-2.52E-06
-1.6746525,-3.57E-06
-1.953636218,-7.18E-06
-2.511603653,-2.90E-05
-3,-9.82E-05
-2.99921849,-9.80E-05
-2.997655469,-9.76E-05
-2.994529427,-9.68E-05
-2.988277344,-9.53E-05
-2.975773177,-9.24E-05
-2.950764844,-8.68E-05
-2.900748177,-7.66E-05
-2.800714844,-5.97E-05
-2.600648177,-3.62E-05
-2.200514844,-1.33E-05
-2.10048151,-1.04E-05
-1.900414844,-6.28E-06
-1.50028151,-2.31E-06
-1.269069352,-1.29E-06
-0.806645034,-4.01E-07
-0.246807052,-7.13E-08
0,0.00E+00
0.872868914,4.75E-07
1.100526547,8.47E-07
1.555841813,2.65E-06
1.700680544,3.81E-06
1.990358008,7.87E-06
2.217753186,1.39E-05
2.449487402,2.48E-05
2.450222021,0.0002
2.450222022,0.0002
2.450222023,0.0002
2.450222025,0.0002
2.450222029,0.0002
2.450222037,0.0002
2.450222053,0.0002
2.450222084,0.0002
2.450222148,0.0002
2.450222274,0.0002
2.450222527,0.0002
2.450223034,0.0002
2.450224046,0.0002
2.450226072,0.0002
2.450230122,0.0002
2.450238224,0.0002
2.450254426,0.0002
2.450286831,0.0002
2.450351641,0.0002
2.450481261,0.0002
2.450740501,0.0002
2.451258981,0.0002
2.452295942,0.0002
2.454369863,0.0002
2.458517704,0.0002
2.466813387,0.0002
2.483404753,0.0002
2.516587486,0.0002
2.58295295,0.0002
2.715683879,0.0002
2.981145738,0.0002
3,0.0002
2.987495833,0.0002
2.977043024,0.0002
2.956137404,0.0002
2.914326166,0.0002
2.830703689,0.0002
2.663458734,0.0002
2.328968826,0.0002
1.659989008,0.0002
0.59880191,0.0001996
0.336667437,0.000112222
0.328475735,0.000109492
0.312092331,0.00010403
0.279325521,9.31E-05
0.213791903,7.13E-05
0.082724667,2.76E-05
-0.179409806,-3.57E-05
-0.310477043,-6.20E-05
-0.572611515,-0.000116047
-1.096880461,-0.000231822
-1.175344803,-0.000250125
-1.332273488,-0.000287468
-1.410580294,-1.84E-06
-1.4274049,-1.92E-06
-1.461054112,-2.09E-06
-1.528352537,-2.48E-06
-1.662949386,-3.47E-06
-1.932143084,-6.80E-06
-2.470530481,-2.61E-05
-3,-9.82E-05
-2.99921849,-9.80E-05
-2.997655469,-9.76E-05
-2.994529427,-9.68E-05
-2.988277344,-9.53E-05
-2.975773177,-9.24E-05
-2.950764844,-8.68E-05
-2.900748177,-7.66E-05
-2.800714844,-5.97E-05
-2.600648177,-3.62E-05
-2.200514844,-1.33E-05
-2.10048151,-1.04E-05
-1.900414844,-6.28E-06
-1.50028151,-2.31E-06
-1.269069352,-1.29E-06
-0.806645034,-4.01E-07
-0.246807052,-7.13E-08
0,0.00E+00
0.872868914,4.75E-07
1.100526547,8.47E-07
1.555841813,2.65E-06
1.700680544,3.81E-06
1.990358008,7.87E-06
2.217581906,1.39E-05
2.449277332,2.48E-05
2.450011774,0.0002
2.450011774,0.0002
2.450011775,0.0002
2.450011777,0.0002
2.450011781,0.0002
2.450011789,0.0002
2.450011806,0.0002
2.450011838,0.0002
2.450011903,0.0002
2.450012032,0.0002
2.450012292,0.0002
2.45001281,0.0002
2.450013847,0.0002
2.450015922,0.0002
2.45002007,0.0002
2.450028368,0.0002
2.450044963,0.0002
2.450078152,0.0002
2.450144531,0.0002
2.450277289,0.0002
2.450542804,0.0002
2.451073836,0.0002
2.452135898,0.0002
2.454260023,0.0002
2.458508273,0.0002
2.467004772,0.0002
2.483997771,0.0002
2.517983769,0.0002
2.585955765,0.0002
2.721899757,0.0002
2.993787741,0.0002
3,0.0002
2.987575483,0.0002
2.978197358,0.0002
2.959441108,0.0002
2.921928608,0.0002
2.846903608,0.0002
2.696853608,0.0002
2.396753608,0.0002
1.796553608,0.0002
0.59880191,0.0001996
0.313110754,0.00010437
0.304182905,0.000101394
0.286327208,9.54E-05
0.250615813,8.35E-05
0.179193024,5.97E-05
0.036347446,1.21E-05
-0.249343711,-4.97E-05
-0.392189289,-7.86E-05
-0.677880445,-0.000138403
-0.965090008,-0.00020165
-1.036892399,-0.000217999
-1.18049718,-0.000251335
-1.259751024,-0.00027009
-1.382507202,-1.72E-06
-1.409534241,-1.84E-06
-1.463588319,-2.11E-06
-1.571696476,-2.76E-06
-1.787912789,-4.74E-06
-2.220345415,-1.40E-05
-2.317802238,-1.78E-05
-2.512715885,-2.90E-05
-2.756357942,-5.34E-05
-3,-9.82E-05
-2.999804622,-9.81E-05
-2.999413867,-9.80E-05
-2.998632357,-9.78E-05
-2.997069336,-9.75E-05
-2.993943294,-9.67E-05
-2.987691211,-9.52E-05
-2.975187044,-9.23E-05
-2.950178711,-8.67E-05
-2.900162044,-7.65E-05
-2.800128711,-5.96E-05
-2.600062044,-3.61E-05
-2.199928711,-1.33E-05
-2.099895377,-1.03E-05
-1.899828711,-6.27E-06
-1.499695377,-2.31E-06
-1.268313381,-1.29E-06
-0.805549388,-4.00E-07
-0.244885732,-7.07E-08
0,0.00E+00
0.876441582,4.80E-07
1.09801726,8.42E-07
1.541168617,2.56E-06
1.690470739,3.72E-06
1.989074984,7.84E-06
2.220106543,1.40E-05
2.453993715,2.51E-05
2.454736272,0.0002
2.454736272,0.0002
2.454736273,0.0002
2.454736275,0.0002
2.454736279,0.0002
2.454736288,0.0002
2.454736304,0.0002
2.454736338,0.0002
2.454736404,0.0002
2.454736537,0.0002
2.454736802,0.0002
2.454737333,0.0002
2.454738395,0.0002
2.454740518,0.0002
2.454744766,0.0002
2.45475326,0.0002
2.454770249,0.0002
2.454804227,0.0002
2.454872184,0.0002
2.455008096,0.0002
2.455279922,0.0002
2.455823572,0.0002
2.456910873,0.0002
2.459085475,0.0002
2.463434679,0.0002
2.472133086,0.0002
2.489529901,0.0002
2.52432353,0.0002
2.593910788,0.0002
2.733085306,0.0002
3,0.0002
2.987495833,0.0002
2.9624875,0.0002
2.912470833,0.0002
2.8124375,0.0002
2.612370833,0.0002
2.2122375,0.0002
1.411970833,0.0002
0.59880191,0.0001996
0.381119726,0.00012704
0.374317157,0.000124772
0.360712021,0.000120237
0.333501748,0.000111167
0.279081202,9.30E-05
0.170240109,5.67E-05
-0.047442075,-9.42E-06
-0.482806444,-9.73E-05
-0.700488629,-0.000143255
-1.135852998,-0.000240881
-1.199754564,-0.000255869
-1.327557696,-0.000286332
-1.401976589,-1.81E-06
-1.417941351,-1.88E-06
-1.449870875,-2.04E-06
-1.513729922,-2.39E-06
-1.641448018,-3.29E-06
-1.896884208,-6.23E-06
-2.407756588,-2.23E-05
-3,-9.82E-05
-2.99921849,-9.80E-05
-2.997655469,-9.76E-05
-2.994529427,-9.68E-05
-2.988277344,-9.53E-05
-2.975773177,-9.24E-05
-2.950764844,-8.68E-05
-2.900748177,-7.66E-05
-2.800714844,-5.97E-05
-2.600648177,-3.62E-05
-2.200514844,-1.33E-05
-2.10048151,-1.04E-05
-1.900414844,-6.28E-06
-1.50028151,-2.31E-06
-1.269069352,-1.29E-06
-0.806645034,-4.01E-07
-0.246807052,-7.13E-08
0,0.00E+00
0.872868914,4.75E-07
1.100526547,8.47E-07
1.555841813,2.65E-06
1.700680544,3.81E-06
1.990358008,7.87E-06
2.217819868,1.39E-05
2.44956921,2.48E-05
2.4503039,0.0002
2.4503039,0.0002
2.450303901,0.0002
2.450303904,0.0002
2.450303908,0.0002
2.450303916,0.0002
2.450303933,0.0002
2.450303967,0.0002
2.450304035,0.0002
2.450304171,0.0002
2.450304442,0.0002
2.450304986,0.0002
2.450306072,0.0002
2.450308245,0.0002
2.45031259,0.0002
2.450321281,0.0002
2.450338662,0.0002
2.450373424,0.0002
2.45044295,0.0002
2.450582,0.0002
2.450860101,0.0002
2.451416302,0.0002
2.452528705,0.0002
2.454753511,0.0002
2.459203123,0.0002
2.468102347,0.0002
2.485900794,0.0002
2.521497689,0.0002
2.592691479,0.0002
2.73507906,0.0002
3,0.0002
2.987495833,0.0002
2.9624875,0.0002
2.912470833,0.0002
2.8124375,0.0002
2.612370833,0.0002
2.2122375,0.0002
1.411970833,0.0002
0.59880191,0.0001996
0.381119726,0.00012704
0.374317157,0.000124772
0.360712021,0.000120237
0.333501748,0.000111167
0.279081202,9.30E-05
0.170240109,5.67E-05
-0.047442075,-9.42E-06
-0.482806444,-9.73E-05
-0.700488629,-0.000143255
-1.135852998,-0.000240881
-1.199754564,-0.000255869
-1.327557696,-0.000286332
-1.401976594,-1.81E-06
-1.417941357,-1.88E-06
-1.449870883,-2.04E-06
-1.513729935,-2.39E-06
-1.641448039,-3.29E-06
-1.896884247,-6.23E-06
-2.407756663,-2.23E-05
-3,-9.82E-05
-2.99921849,-9.80E-05
-2.997655469,-9.76E-05
-2.994529427,-9.68E-05
-2.988277344,-9.53E-05
-2.975773177,-9.24E-05
-2.950764844,-8.68E-05
-2.900748177,-7.66E-05
-2.800714844,-5.97E-05
-2.600648177,-3.62E-05
-2.200514844,-1.33E-05
-2.10048151,-1.04E-05
-1.900414844,-6.28E-06
-1.50028151,-2.31E-06
-1.269069352,-1.29E-06
-0.806645034,-4.01E-07
-0.246807052,-7.13E-08
0,0.00E+00
0.872868914,4.75E-07
1.100526547,8.47E-07
1.555841813,2.65E-06
1.700680544,3.81E-06
1.990358008,7.87E-06
2.217724048,1.39E-05
2.449451658,2.48E-05
2.450186247,0.0002
2.450186248,0.0002
2.450186249,0.0002
2.450186251,0.0002
2.450186256,0.0002
2.450186266,0.0002
2.450186286,0.0002
2.450186326,0.0002
2.450186405,0.0002
2.450186563,0.0002
2.450186879,0.0002
2.450187512,0.0002
2.450188778,0.0002
2.450191309,0.0002
2.450196371,0.0002
2.450206495,0.0002
2.450226743,0.0002
2.45026724,0.0002
2.450348233,0.0002
2.45051022,0.0002
2.450834193,0.0002
2.45148214,0.0002
2.452778034,0.0002
2.455369821,0.0002
2.460553395,0.0002
2.470920543,0.0002
2.491654839,0.0002
2.533123432,0.0002
2.616060618,0.0002
2.781934989,0.0002
3,0.0002
2.987495833,0.0002
2.9624875,0.0002
2.912470833,0.0002
2.8124375,0.0002
2.612370833,0.0002
2.2122375,0.0002
1.411970833,0.0002
0.59880191,0.0001996
0.381119726,0.00012704
0.374317157,0.000124772
0.360712021,0.000120237
0.333501748,0.000111167
0.279081202,9.30E-05
0.170240109,5.67E-05
-0.047442075,-9.42E-06
-0.482806444,-9.73E-05
-0.700488629,-0.000143255
-1.135852998,-0.000240881
-1.199754564,-0.000255869
-1.327557696,-0.000286332
-1.401976582,-1.81E-06
-1.417941342,-1.88E-06
-1.449870861,-2.04E-06
-1.513729901,-2.39E-06
-1.641447981,-3.29E-06
-1.89688414,-6.23E-06
-2.407756457,-2.23E-05
-3,-9.82E-05
-2.99921849,-9.80E-05
-2.997655469,-9.76E-05
-2.994529427,-9.68E-05
-2.988277344,-9.53E-05
-2.975773177,-9.24E-05
-2.950764844,-8.68E-05
-2.900748177,-7.66E-05
-2.800714844,-5.97E-05
-2.600648177,-3.62E-05
-2.200514844,-1.33E-05
-2.10048151,-1.04E-05
-1.900414844,-6.28E-06
-1.50028151,-2.31E-06
-1.269069352,-1.29E-06
-0.806645034,-4.01E-07
-0.246807052,-7.13E-08
0,0.00E+00
0.872868914,4.75E-07
1.100526547,8.47E-07
1.555841813,2.65E-06
1.700680544,3.81E-06
1.990358008,7.87E-06
2.217627991,1.39E-05
2.449333845,2.48E-05
2.450068335,0.0002
2.450068335,0.0002
2.450068336,0.0002
2.450068339,0.0002
2.450068344,0.0002
2.450068354,0.0002
2.450068374,0.0002
2.450068413,0.0002
2.450068492,0.0002
2.45006865,0.0002
2.450068967,0.0002
2.4500696,0.0002
2.450070865,0.0002
2.450073396,0.0002
2.450078458,0.0002
2.450088582,0.0002
2.450108831,0.0002
2.450149327,0.0002
2.450230321,0.0002
2.450392307,0.0002
2.450716281,0.0002
2.451364228,0.0002
2.452660121,0.0002
2.455251908,0.0002
2.460435482,0.0002
2.47080263,0.0002
2.491536927,0.0002
2.53300552,0.0002
2.615942705,0.0002
2.781817077,0.0002
3,0.0002
2.987495833,0.0002
2.9624875,0.0002
2.912470833,0.0002
2.8124375,0.0002
2.612370833,0.0002
2.2122375,0.0002
1.411970833,0.0002
0.59880191,0.0001996
0.381119726,0.00012704
0.374317157,0.000124772
0.360712021,0.000120237
0.333501748,0.000111167
0.279081202,9.30E-05
0.170240109,5.67E-05
-0.047442075,-9.42E-06
-0.482806444,-9.73E-05
-0.700488629,-0.000143255
-1.135852998,-0.000240881
-1.199754564,-0.000255869
-1.327557696,-0.000286332
-1.401976583,-1.81E-06
-1.417941344,-1.88E-06
-1.449870864,-2.04E-06
-1.513729906,-2.39E-06
-1.641447988,-3.29E-06
-1.896884154,-6.23E-06
-2.407756484,-2.23E-05
-3,-9.82E-05
-2.99921849,-9.80E-05
-2.997655469,-9.76E-05
-2.994529427,-9.68E-05
-2.988277344,-9.53E-05
-2.975773177,-9.24E-05
-2.950764844,-8.68E-05
-2.900748177,-7.66E-05
-2.800714844,-5.97E-05
-2.600648177,-3.62E-05
-2.200514844,-1.33E-05
-2.10048151,-1.04E-05
-1.900414844,-6.28E-06
-1.50028151,-2.31E-06
-1.269069352,-1.29E-06
-0.806645034,-4.01E-07
-0.246807052,-7.13E-08
0,0.00E+00
0.872868914,4.75E-07
1.100526547,8.47E-07
1.555841813,2.65E-06
1.700680544,3.81E-06
1.990358008,7.87E-06
2.217531684,1.39E-05
2.449215754,2.48E-05
2.449950144,0.0002
2.449950145,0.0002
2.449950146,0.0002
2.449950148,0.0002
2.449950153,0.0002
2.449950163,0.0002
2.449950183,0.0002
2.449950222,0.0002
2.449950302,0.0002
2.44995046,0.0002
2.449950776,0.0002
2.449951409,0.0002
2.449952674,0.0002
2.449955205,0.0002
2.449960268,0.0002
2.449970392,0.0002
2.44999064,0.0002
2.450031137,0.0002
2.45011213,0.0002
2.450274117,0.0002
2.45059809,0.0002
2.451246037,0.0002
2.45254193,0.0002
2.455133717,0.0002
2.460317292,0.0002
2.47068444,0.0002
2.491418736,0.0002
2.532887329,0.0002
2.615824515,0.0002
2.781698886,0.0002
3,0.0002
2.987495833,0.0002
2.9624875,0.0002
2.912470833,0.0002
2.8124375,0.0002
2.612370833,0.0002
2.2122375,0.0002
1.411970833,0.0002
0.59880191,0.0001996
0.381119726,0.00012704
0.374317157,0.000124772
0.360712021,0.000120237
0.333501748,0.000111167
0.279081202,9.30E-05
0.170240109,5.67E-05
-0.047442075,-9.42E-06
-0.482806444,-9.73E-05
-0.700488629,-0.000143255
-1.135852998,-0.000240881
-1.199751641,-0.000255869
-1.327548927,-1.50E-06
-1.374611643,-1.69E-06
-1.468737074,-2.13E-06
-1.656987937,-3.42E-06
-2.033489664,-8.76E-06
-2.127615095,-1.11E-05
-2.315865959,-1.78E-05
-2.692367685,-4.55E-05
-3,-9.82E-05
-2.99921849,-9.80E-05
-2.997655469,-9.76E-05
-2.994529427,-9.68E-05
-2.988277344,-9.53E-05
-2.975773177,-9.24E-05
-2.950764844,-8.68E-05
-2.900748177,-7.66E-05
-2.800714844,-5.97E-05
-2.600648177,-3.62E-05
-2.200514844,-1.33E-05
-2.10048151,-1.04E-05
-1.900414844,-6.28E-06
-1.50028151,-2.31E-06
-1.269069352,-1.29E-06
-0.806645034,-4.01E-07
-0.246807052,-7.13E-08
0,0.00E+00
0.872868914,4.75E-07
1.100526547,8.47E-07
1.555841813,2.65E-06
1.700680544,3.81E-06
1.990358008,7.87E-06
2.217960372,1.39E-05
2.449857039,2.48E-05
2.450592075,0.0002
2.450592076,0.0002
2.450592077,0.0002
2.450592079,0.0002
2.450592084,0.0002
2.450592094,0.0002
2.450592114,0.0002
2.450592154,0.0002
2.450592233,0.0002
2.450592391,0.0002
2.450592707,0.0002
2.45059334,0.0002
2.450594606,0.0002
2.450597138,0.0002
2.450602201,0.0002
2.450612327,0.0002
2.45063258,0.0002
2.450673085,0.0002
2.450754095,0.0002
2.450916116,0.0002
2.451240158,0.0002
2.451888241,0.0002
2.453184407,0.0002
2.45577674,0.0002
2.460961405,0.0002
2.471330736,0.0002
2.492069398,0.0002
2.533546722,0.0002
2.61650137,0.0002
2.782410666,0.0002
3,0.0002
2.987495833,0.0002
2.9624875,0.0002
2.912470833,0.0002
2.8124375,0.0002
2.612370833,0.0002
2.2122375,0.0002
1.411970833,0.0002
0.59880191,0.0001996
0.381119726,0.00012704
0.374317157,0.000124772
0.360712021,0.000120237
0.333501748,0.000111167
0.279081202,9.30E-05
0.170240109,5.67E-05
-0.047442075,-9.42E-06
-0.482806444,-9.73E-05
-0.700488629,-0.000143255
-1.135852998,-0.000240881
-1.199754564,-0.000255869
-1.327557696,-0.000286332
-1.40197659,-1.81E-06
-1.417941353,-1.88E-06
-1.449870877,-2.04E-06
-1.513729926,-2.39E-06
-1.641448024,-3.29E-06
-1.896884219,-6.23E-06
-2.40775661,-2.23E-05
-3,-9.82E-05
-2.99921849,-9.80E-05
-2.997655469,-9.76E-05
-2.994529427,-9.68E-05
-2.988277344,-9.53E-05
-2.975773177,-9.24E-05
-2.950764844,-8.68E-05
-2.900748177,-7.66E-05
-2.800714844,-5.97E-05
-2.600648177,-3.62E-05
-2.200514844,-1.33E-05
-2.10048151,-1.04E-05
-1.900414844,-6.28E-06
-1.50028151,-2.31E-06
-1.269069352,-1.29E-06
-0.806645034,-4.01E-07
-0.246807052,-7.13E-08
0,0.00E+00
0.872868914,4.75E-07
1.100526547,8.47E-07
1.555841813,2.65E-06
1.700680544,3.81E-06
1.990358008,7.87E-06
2.217865177,1.39E-05
2.449642454,2.48E-05
2.45037722,0.0002
2.450377221,0.0002
2.450377222,0.0002
2.450377224,0.0002
2.450377229,0.0002
2.450377239,0.0002
2.450377259,0.0002
2.450377298,0.0002
2.450377378,0.0002
2.450377536,0.0002
2.450377852,0.0002
2.450378485,0.0002
2.450379751,0.0002
2.450382282,0.0002
2.450387345,0.0002
2.45039747,0.0002
2.45041772,0.0002
2.450458221,0.0002
2.450539223,0.0002
2.450701227,0.0002
2.451025234,0.0002
2.451673249,0.0002
2.452969279,0.0002
2.455561339,0.0002
2.460745459,0.0002
2.471113699,0.0002
2.491850178,0.0002
2.533323136,0.0002
2.616269053,0.0002
2.782160887,0.0002
3,0.0002
2.987495833,0.0002
2.9624875,0.0002
2.912470833,0.0002
2.8124375,0.0002
2.612370833,0.0002
2.2122375,0.0002
1.411970833,0.0002
0.59880191,0.0001996
0.381119726,0.00012704
0.374317158,0.000124772
0.360712021,0.000120237
0.333501748,0.000111167
0.279081202,9.30E-05
0.170240109,5.67E-05
-0.047442075,-9.42E-06
-0.482806444,-9.73E-05
-0.700488629,-0.000143255
-1.135852998,-0.000240881
-1.199754564,-0.000255869
-1.327557696,-0.000286332
-1.401976582,-1.81E-06
-1.417941342,-1.88E-06
-1.449870863,-2.04E-06
-1.513729903,-2.39E-06
-1.641447984,-3.29E-06
-1.896884146,-6.23E-06
-2.407756469,-2.23E-05
-3,-9.82E-05
-2.99921849,-9.80E-05
-2.997655469,-9.76E-05
-2.994529427,-9.68E-05
-2.988277344,-9.53E-05
-2.975773177,-9.24E-05
-2.950764844,-8.68E-05
-2.900748177,-7.66E-05
-2.800714844,-5.97E-05
-2.600648177,-3.62E-05
-2.200514844,-1.33E-05
-2.10048151,-1.04E-05
-1.900414844,-6.28E-06
-1.50028151,-2.31E-06
-1.269069352,-1.29E-06
-0.806645034,-4.01E-07
-0.403322517,-1.29E-07
0,0
